  PREFLIGHT: SV 0.98i database.arz: supplied path does not exist (upstream\soulvizier_098i\Database\database.arz) - falling back to the resolution ladder
  PREFLIGHT: SV 0.98i database.arz                      OK via main-checkout cache
             C:\Users\willi\repos\tqit_soulvizier_classic\upstream\soulvizier_098i\Database\database.arz
  PREFLIGHT: SV 0.9 database.arz: supplied path does not exist (upstream\soulvizier_0.9\Database\database.arz) - falling back to the resolution ladder
  PREFLIGHT: SV 0.9 database.arz                        OK via main-checkout cache
             C:\Users\willi\repos\tqit_soulvizier_classic\upstream\soulvizier_0.9\Database\database.arz
  PREFLIGHT: SV 0.4.1 database.arz: supplied path does not exist (upstream\soulvizier_041\Database\database.arz) - falling back to the resolution ladder
  PREFLIGHT: SV 0.4.1 database.arz                      OK via main-checkout cache
             C:\Users\willi\repos\tqit_soulvizier_classic\upstream\soulvizier_041\Database\database.arz
  prefix-cache: MISS (prefix-25a5294bfe4606b8.pkl absent)
Loading SV 0.98i: C:\Users\willi\repos\tqit_soulvizier_classic\upstream\soulvizier_098i\Database\database.arz
  Read 10000/51186...
  Read 20000/51186...
  Read 30000/51186...
  Read 40000/51186...
  Read 50000/51186...
  Loaded: 51186 records, 140943 strings
  F6 provenance: captured 2158 SV-original soul paths (51186 total SV records) for the naming + mod-authored-summon gates

Loading SV 0.9: C:\Users\willi\repos\tqit_soulvizier_classic\upstream\soulvizier_0.9\Database\database.arz
  Read 10000/48722...
  Read 20000/48722...
  Read 30000/48722...
  Read 40000/48722...
  Loaded: 48722 records, 134626 strings

Loading SV 0.4.1: C:\Users\willi\repos\tqit_soulvizier_classic\upstream\soulvizier_041\Database\database.arz
  Read 10000/46443...
  Read 20000/46443...
  Read 30000/46443...
  Read 40000/46443...
  Loaded: 46443 records, 128550 strings

Loading base game: C:\Program Files (x86)\Steam\steamapps\common\Titan Quest Anniversary Edition\Database\database.arz
  Read 10000/74013...
  Read 20000/74013...
  Read 30000/74013...
  Read 40000/74013...
  Read 50000/74013...
  Read 60000/74013...
  Read 70000/74013...
  Loaded: 74013 records, 190522 strings

=== Import base game boss records for soul wiring ===
  Imported 0 base game boss records

=== A5: Act-5 leak fix (post-Hades portal suppression + Victory-Portal un-gate) ===
  A5 SUPPRESS: portal_hadesscandia.dbr += RequireNoDLC=TQA2 (never spawns)
  A5 SUPPRESS: x4_other_immortalthrone_to_eternalembers_teleport_a.dbr += RequireNoDLC=TQX4 (never spawns)
  A5 UN-GATE: endportal_hades RequireNoDLC dropped (removed) -> the one visible Victory Portal for all DLC combos -> Epic
  A5 TIDY: endportal_hades_normal_epic RequireNoDLC=['TQA2', 'TQX4'] (suppress the redundant 2nd portal)
  A5: 4 portal record override(s) written (arz-only; re-evaluated at spawn every load)

=== Patch 0: Strip incompatible UI overrides ===
  Stripped: 1097 UI records
  Kept: 372 skill tree records

=== Patch 0b: Remove dead orphan records ===
  Removed dead orphan: records\item\miscellaneous\oneshot\potionexp_test.dbr
  Dead orphan records removed: 1

=== Patch 0c: Chimera chest double-extension rename (Q4-3) ===
  renamed records\item\containers\boss\bosschest13_chimera_epic.dbr.dbr -> records\item\containers\boss\bosschest13_chimera_epic.dbr (+ lockedSound -> resolvable base path)
  renamed records\item\containers\boss\repeatbosschest13_chimera_epic.dbr.dbr -> records\item\containers\boss\repeatbosschest13_chimera_epic.dbr (+ lockedSound -> resolvable base path)
  rewrote bosschestpool13_chimera_epic.fixedItemName1 -> single .dbr

=== Patch 1: Restore potion drop rates ===
  Potion weights restored: 168

=== Patch 2: Wire souls to monsters ===
  Soul catalog: 808 names across 98 types
  Spawn provenance: 1791 random-pool members, 0 placed-proxy members
  Newly wired: 7
  Already had souls: 1154 (all updated to AE equip fields)
  Equip fields set: 742
  Common/Champion drop-chance zeroed: 419 (never drop souls)
  F1 cross-wire gate OK: no NEW fuzzy Hero/Boss/Quest soul cross-wires

=== Patch 3: Make equipment enchantable ===
  Items made enchantable: 8568

=== Patch 4: Grant all inventory bags ===
  Inventory sack cost set to 0 (free)
  Starter chest (build30.2): numSpawn='46+(2*numberOfPlayers)' (equation form, 48 solo); single slot, dual table 108:36 = E[36 potions + 12 bags]; in-game verified 2026-07-09

=== Patch 5: Expand caravan stash ===
  Imported stashwindow.dbr from base game
  Storage Area: 10 wide x 50 tall (500 slots)
  Imported relicvaultwindow.dbr from base game
  Relic Vault: 10 wide x 50 tall (500 slots)
  Imported caravanwindow.dbr from base game (has Relic Vault tab)

=== Patch 6: Restore Rest skill ===
  Added Rest to quest reward tree: skillName22 = records\quests\rewards\drxrest_skillbuff.dbr
  skillLevel22 = 1 (auto-granted from game start)
  Effect: +350 life/mana regen, -300 all resistances, 5s duration, 3min cooldown

=== Patch 11: Restore legacy skills from SV 0.4.1 ===
  Created: drxdarklings.dbr (Darklings from 0.4.1)
  Created: drxdarklings_darkaperture.dbr (Dark Aperture)
  Rogue skillName26 = Darklings, skillName27 = Dark Aperture
  Rogue UI Skill25: (328,279) Darklings
  Rogue UI Skill26: (328,155) Dark Aperture
  Replaced: Elemental Flurry -> Thorn Sprites
  Replaced: Dissemination -> Fabrical Tear
  Spirit skillName26 = Sands of Sleep
  Spirit skillName27 = Troubled Dreams
  Spirit skillName28 = Distortion Wave
  Spirit skillName29 = Chaotic Resonance
  Spirit skillName30 = Psionic Immolation
  Spirit UI Skill25: (128,403) Sands of Sleep
  Spirit UI Skill26: (128,279) Troubled Dreams
  Spirit UI Skill27: (328,403) Distortion Wave
  Spirit UI Skill28: (328,217) Chaotic Resonance
  Spirit UI Skill29: (328,93) Psionic Immolation
  Created: drxhamstring.dbr (original Hamstring from 0.4.1)
  Warfare skillName26 = Hamstring
  Warfare UI Skill25: (428,279) Hamstring
  Total legacy skill changes: 20

=== Patch 8: Fix broken mastery skills ===
  + desc: drxlaytrap.dbr = tagbreachDESC
  + desc: drxlaytrap_rapidconstruction.dbr = tagNewSkill321DESC
  Rewrote 318640 case-mismatched .dbr references
  Injected display fields into 38 skill stubs

=== Patch 10: Register SV-added skill buttons in panel controllers ===
  Mastery 1: 26 buttons (5 added) -> xpack + xpack3 overrides
  Mastery 2: 25 buttons (4 added) -> xpack + xpack3 overrides
  Mastery 3: 25 buttons (4 added) -> xpack + xpack3 overrides
  Mastery 4: 26 buttons (5 added) -> xpack + xpack3 overrides
  Mastery 5: 27 buttons (6 added) -> xpack + xpack3 overrides
  Mastery 6: 25 buttons (4 added) -> xpack + xpack3 overrides
  Mastery 7: 30 buttons (9 added) -> xpack + xpack3 overrides
  Mastery 8: 25 buttons (4 added) -> xpack + xpack3 overrides
  Total skill buttons registered: 41

=== Patch 9: Add DLC mastery trees ===
  records\xpack\creatures\pc\malepc01.dbr: added RuneMaster (slot 11) + Neidan (slot 12)
  records\xpack\creatures\pc\femalepc01.dbr: added RuneMaster (slot 11) + Neidan (slot 12)

=== MASTERY WAVE 1: broken-class fixes (B1-B6) ===
  B1 Meteor: skillSpecialAnimationName 'MeteorShower' -> ''
  B2 Thunderball (also revives concussiveblast): skillSpecialAnimationName 'Ensnare' -> ''
  B3 Bonespire: skillSpecialAnimationName 'BoneSpire' -> ''
  hygiene: literal-'0' anim on a passive: skillSpecialAnimationName '0' -> ''
  hygiene: literal-'0' anim on a passive: skillSpecialAnimationName '0' -> ''
  B4 Shield Smash: offensivePhysicalMin 0 -> 12..61 ladder; offensivePhysicalModifier 0 -> 20..50 ladder (len 10 = ult)
  B5 Nightmare MasterMind: skillName1 repointed (resolving lowercase path) + skillLevel1 ramp min(tier,12) on 20 tiers
    B6 port anm_malepc01.dbr bow[8] = Taunt (FemalePC_Taunt.anm)
    B6 port anm_malepc01.dbr bow[9] = Ensnare (MalePC_OneHand_Skill_Ensnare.anm)
    B6 port anm_malepc01.dbr bow[10] = Crosscut (FemalePC_Bow_Skill_LethalInjection.anm)
    B6 SKIP anm_malepc01.dbr dHanded: row FULL (15/15) - cannot port 'Hew' without replacing an entry (forbidden)
    B6 SKIP anm_malepc01.dbr dHanded: row FULL (15/15) - cannot port 'Barrage' without replacing an entry (forbidden)
    B6 SKIP anm_malepc01.dbr dHanded: row FULL (15/15) - cannot port 'Taunt' without replacing an entry (forbidden)
    B6 SKIP anm_malepc01.dbr dHanded: row FULL (15/15) - cannot port 'Ensnare' without replacing an entry (forbidden)
    B6 SKIP anm_malepc01.dbr dHanded: row FULL (15/15) - cannot port 'ThunderClap' without replacing an entry (forbidden)
    B6 port anm_malepc01.dbr dualRanged[11] = Ensnare (MalePC_OneHand_Skill_Ensnare.anm)
    B6 port anm_malepc01.dbr dualRanged[12] = Hew (malepc_dr_attgamma.anm)
    B6 port anm_malepc01.dbr dualRanged[13] = Taunt (FemalePC_Taunt.anm)
    B6 port anm_malepc01.dbr dualRanged[14] = Barrage (malepc_staff_skill_spellfury.anm)
    B6 port anm_malepc01.dbr rangedOneHand[11] = Taunt (FemalePC_Taunt.anm)
    B6 port anm_malepc01.dbr rangedOneHand[12] = ThunderClap (malepc_onehand_skill_thunderclap.anm)
    B6 port anm_malepc01.dbr rangedOneHand[13] = Ensnare (malePC_Spear_Skill_Ensnare.anm)
    B6 port anm_malepc01.dbr rangedOneHand[14] = Crosscut (MalePC_OneHand_Skill_CastProjectile.anm)
    B6 SKIP anm_malepc01.dbr sHanded: row FULL (15/15) - cannot port 'Hew' without replacing an entry (forbidden)
    B6 SKIP anm_malepc01.dbr sHanded: row FULL (15/15) - cannot port 'Crosscut' without replacing an entry (forbidden)
    B6 SKIP anm_malepc01.dbr sHanded: row FULL (15/15) - cannot port 'Taunt' without replacing an entry (forbidden)
    B6 SKIP anm_malepc01.dbr sHanded: row FULL (15/15) - cannot port 'Ensnare' without replacing an entry (forbidden)
    B6 SKIP anm_malepc01.dbr spear: row FULL (15/15) - cannot port 'Crosscut' without replacing an entry (forbidden)
    B6 SKIP anm_malepc01.dbr spear: row FULL (15/15) - cannot port 'Hew' without replacing an entry (forbidden)
    B6 SKIP anm_malepc01.dbr spear: row FULL (15/15) - cannot port 'Taunt' without replacing an entry (forbidden)
    B6 SKIP anm_malepc01.dbr spear: row FULL (15/15) - cannot port 'Ensnare' without replacing an entry (forbidden)
    B6 port anm_malepc01.dbr staff[7] = Taunt (FemalePC_Taunt.anm)
    B6 port anm_malepc01.dbr staff[8] = Ensnare (MalePC_OneHand_Skill_Ensnare.anm)
    B6 port anm_malepc01.dbr staff[9] = Flamesurge (malepc_onehand_skill_castprojectile.anm)
    B6 port anm_malepc01.dbr staff[10] = CrossCut (Wraith_Staff_AttBeta.anm)
    B6 port anm_malepc01.dbr staff[11] = Hew (Wraith_Staff_AttBeta.anm)
    B6 port anm_malepc01.dbr unarmed[11] = Taunt (FemalePC_Taunt.anm)
    B6 port anm_malepc01.dbr unarmed[12] = Ensnare (MalePC_OneHand_Skill_Ensnare.anm)
    B6 port anm_malepc01.dbr unarmed[13] = Hew (malePC_OneHand_Skill_Hew.anm)
    B6 port anm_femalepc.dbr bow[8] = Taunt (FemalePC_Taunt.anm)
    B6 port anm_femalepc.dbr bow[9] = Ensnare (FemalePC_Bow_Skill_Ensnare.anm)
    B6 port anm_femalepc.dbr bow[10] = Crosscut (FemalePC_Bow_Skill_LethalInjection.anm)
    B6 SKIP anm_femalepc.dbr dHanded: row FULL (15/15) - cannot port 'Hew' without replacing an entry (forbidden)
    B6 SKIP anm_femalepc.dbr dHanded: row FULL (15/15) - cannot port 'Barrage' without replacing an entry (forbidden)
    B6 SKIP anm_femalepc.dbr dHanded: row FULL (15/15) - cannot port 'Taunt' without replacing an entry (forbidden)
    B6 SKIP anm_femalepc.dbr dHanded: row FULL (15/15) - cannot port 'Ensnare' without replacing an entry (forbidden)
    B6 SKIP anm_femalepc.dbr dHanded: row FULL (15/15) - cannot port 'ThunderClap' without replacing an entry (forbidden)
    B6 port anm_femalepc.dbr dualRanged[11] = Ensnare (FeMalePC_OneHand_Skill_Ensnare.anm)
    B6 port anm_femalepc.dbr dualRanged[12] = Hew (femalepc_dr_attgamma.anm)
    B6 port anm_femalepc.dbr dualRanged[13] = Taunt (FemalePC_Taunt.anm)
    B6 port anm_femalepc.dbr dualRanged[14] = Barrage (femalepc_staff_skill_spellfury.anm)
    B6 port anm_femalepc.dbr rangedOneHand[11] = Taunt (FemalePC_Taunt.anm)
    B6 port anm_femalepc.dbr rangedOneHand[12] = ThunderClap (femalepc_onehand_skill_thunderclap.anm)
    B6 port anm_femalepc.dbr rangedOneHand[13] = Ensnare (FemalePC_Spear_Skill_Ensnare.anm)
    B6 port anm_femalepc.dbr rangedOneHand[14] = Crosscut (MalePC_OneHand_Skill_CastProjectile.anm)
    B6 SKIP anm_femalepc.dbr sHanded: row FULL (15/15) - cannot port 'Hew' without replacing an entry (forbidden)
    B6 SKIP anm_femalepc.dbr sHanded: row FULL (15/15) - cannot port 'Crosscut' without replacing an entry (forbidden)
    B6 SKIP anm_femalepc.dbr sHanded: row FULL (15/15) - cannot port 'Taunt' without replacing an entry (forbidden)
    B6 SKIP anm_femalepc.dbr sHanded: row FULL (15/15) - cannot port 'Ensnare' without replacing an entry (forbidden)
    B6 SKIP anm_femalepc.dbr spear: row FULL (15/15) - cannot port 'Crosscut' without replacing an entry (forbidden)
    B6 SKIP anm_femalepc.dbr spear: row FULL (15/15) - cannot port 'Hew' without replacing an entry (forbidden)
    B6 SKIP anm_femalepc.dbr spear: row FULL (15/15) - cannot port 'Taunt' without replacing an entry (forbidden)
    B6 SKIP anm_femalepc.dbr spear: row FULL (15/15) - cannot port 'Ensnare' without replacing an entry (forbidden)
    B6 port anm_femalepc.dbr staff[7] = Taunt (FemalePC_Taunt.anm)
    B6 port anm_femalepc.dbr staff[8] = Ensnare (FemalePC_OneHand_Skill_Ensnare.anm)
    B6 port anm_femalepc.dbr staff[9] = Flamesurge (femalepc_STAFF_skill_castprojectile.anm)
    B6 port anm_femalepc.dbr staff[10] = CrossCut (Wraith_Staff_AttBeta.anm)
    B6 port anm_femalepc.dbr staff[11] = Hew (Wraith_Staff_AttBeta.anm)
    B6 port anm_femalepc.dbr unarmed[11] = Taunt (FemalePC_Taunt.anm)
    B6 port anm_femalepc.dbr unarmed[12] = Ensnare (FemalePC_UnArmed_Skill_Ensnare.anm)
    B6 port anm_femalepc.dbr unarmed[13] = Hew (FemalePC_OneHand_Skill_Hew.anm)
  B6 anim tables: 38 (clip,ref) pair(s) restored from base (row-matched, free indices <= 15 only); 26 row(s) full - skipped by the conservative <=15 policy (graft #0 below completes the melee rows above index 15)
    graft#0 anm_malepc01.dbr dHanded[16] = Hew (malePC_OneHand_Skill_Hew.anm)
    graft#0 anm_malepc01.dbr dHanded[17] = Ensnare (MalePC_OneHand_Skill_Ensnare.anm)
    graft#0 anm_malepc01.dbr dHanded[18] = Barrage (malepc_dw_skill_doublex.anm)
    graft#0 anm_malepc01.dbr dHanded[19] = ThunderClap (MalePC_DW_Skill_ThunderClap.anm)
    graft#0 anm_malepc01.dbr sHanded[16] = Hew (MalePC_OneHand_Skill_Hew.anm)
    graft#0 anm_malepc01.dbr sHanded[17] = Ensnare (MalePC_OneHand_Skill_Ensnare.anm)
    graft#0 anm_malepc01.dbr sHanded[18] = Crosscut (malepc_onehand_skill_doubleslash.anm)
    graft#0 anm_malepc01.dbr spear[16] = Hew (malePC_OneHand_Skill_Hew.anm)
    graft#0 anm_malepc01.dbr spear[17] = Ensnare (MalePC_OneHand_Skill_Ensnare.anm)
    graft#0 anm_malepc01.dbr spear[18] = Crosscut (malepc_onehand_skill_doubleslash.anm)
    graft#0 anm_femalepc.dbr dHanded[16] = Hew (FemalePC_OneHand_Skill_Hew.anm)
    graft#0 anm_femalepc.dbr dHanded[17] = Ensnare (MalePC_OneHand_Skill_Ensnare.anm)
    graft#0 anm_femalepc.dbr dHanded[18] = Barrage (femalepc_dw_skill_doublex.anm)
    graft#0 anm_femalepc.dbr dHanded[19] = ThunderClap (FemalePC_DW_Skill_ThunderClap.anm)
    graft#0 anm_femalepc.dbr sHanded[16] = Hew (FemalePC_OneHand_Skill_Hew.anm)
    graft#0 anm_femalepc.dbr sHanded[17] = Ensnare (FemalePC_OneHand_Skill_Ensnare.anm)
    graft#0 anm_femalepc.dbr sHanded[18] = Crosscut (femalepc_onehand_skill_doubleslash.anm)
    graft#0 anm_femalepc.dbr spear[16] = Hew (FemalePC_OneHand_Skill_Hew.anm)
    graft#0 anm_femalepc.dbr spear[17] = Ensnare (FemalePC_Spear_Skill_Ensnare.anm)
    graft#0 anm_femalepc.dbr spear[18] = Crosscut (femalepc_onehand_skill_doubleslash.anm)
  GRAFT #0 melee-row completion: 20 (clip,ref) pair(s) restored onto dHanded/sHanded/spear at indices >15 (Hew/Ensnare/Crosscut/Barrage/ThunderClap; 'Rest' preserved)
  Mastery Wave 1 broken fixes applied: 9 item(s)

=== MASTERY WAVE 1: Defense/Earth/Storm boosts ===
  DEF drxbatter: physMod 3..25 -> 6..55 (len 16); manaCost -6/lvl
  DEF drxshieldcharge: +offensivePhysicalModifier 15..80 (len 16)
  DEF drxheave: +offensivePercentCurrentLifeMin 1..5%% (len 12)
  DEF drxcolossusform: cd 360->180, speed -30->-15, absorb x50/35
  DEF drxdefensivemastery: elemRes ML1-40 0 -> 0.2/lvl (8%% @40); tail 32 entries kept
  DEF rendarmor: armor-amp x160/115 + duration 5->6s
  DEF heave_cleave: +bleed 30..120 over 3s (len 12; its +245%% amp finally has a base)
  EARTH: Meteor cd 360->60; Volcanic Orb cd 4->1.5
  EARTH drxearthmastery: mana 8..320 -> 12..480; +castSpeed 0..20%; +runSpeed 0..12% (ML1-40)
  EARTH eruption_moltenlava: +total-resist shred 25..40%% over 3s (len 12; verified base field family, 47-record precedent)
  EARTH hygiene: dangling SandBox FX / Wildfire sound refs cleared
  STORM drxstormmastery: life 17/lvl -> 22.5/lvl (ML40 680 -> 900)
  STORM wisps: characterLife -> 240 + 50/tier on 20 tier(s) (ult ~1190, kept < Shadow Stalker ~1440)
  STORM wisps: +resist passive (35%% freeze/stun/fire/lightning/cold) wired into a free skill slot on 20 tier(s)
  STORM eye-of-the-storm aura: +12%% run speed (party-wide)
  STORM hygiene: wisp summon targetFxPakName leading space fixed
  Mastery Wave 1 boosts applied (Defense 7, Earth 5+hyg, Storm 5)

=== MASTERY WAVE 2: Warfare/Nature/Spirit/Dream + RuneMaster/Neidan ===
  WARFARE ancestralhorn: cd/crm 300->120, TTL 30->45 (~10%->37% pet uptime)
  WARFARE battlestandard: TTL 18..36 -> 24..50 (banner amp ~50%->~70% uptime)
  WARFARE warwind (optional): cd/crm 12->8 (pre-Refinement AoE feel)
  WARFARE spectralsoldier: dangling armband path fixed on 20/20 tiers
  NATURE forceofnature: cd/crm 360->180 (~17%->33% treant uptime; 180 not 120 = no Occult overshoot)
  NATURE naturemastery petBonus: +pet dmg 0->30%% + protection 0->160 (ML1-40)
  NATURE accel-growth+renewal: dangling defensiveConvert (==cooldown ladder, silent charm-res malus) cleared; cooldown kept
  NATURE wolf/sylvan dangling FX: maul->Damage01, survivalinstinct->Buff07, nymph controllerAggressive repointed on 20 tier(s)
  SPIRIT outsidersummons (Ether Lord): cd 360->120, TTL 30->60 (~8%->50% uptime; stays temporary)
  SPIRIT deathward: cd 300->180 (panic on Cornered-Rage cadence)
  SPIRIT bonepet: spiritbreath 'xxx' unprefixed on 5 tier(s); dangling drxplaceholder skillName2 cleared on 20 tier(s); skillName6 no-op KEPT
  SPIRIT bonescourge_spiritbreath: dangling SandBox particleEffectName2/3 cleared (re-enable is clean)
  SPIRIT wraithlord (Liche King): skellysummon2/3 'xxx' RE-ENABLED on 20/20 tiers (chain resolves to drx_skelly_01..20); soulblight double-slot KEPT (removal forbidden); revertible
  DREAM nightmare: dangling timefield self-buff cleared on 20 tier(s) (MasterMind repoint already shipped W1 B5)
  DREAM phantasm: cd 180->120; TTL 15..25 -> 15..30 (~14%->~30% uptime)
  DREAM phantasm pet: dangling RingAll loot ref cleared on 20 tier(s)
  DREAM nightmare psionicbeam: offensivePhysical/LifeMin [8..66] x2 -> [16..132] (elite-pet share)
  DREAM mana ladders: temporalrift 10->16, spellbreaker 10->12, spellshock 10->12 (continued step)
  DREAM phantomstrike: self-slow [-11..-50] -> zeroed (len 14; blink no longer self-roots; field kept per rule)
  RUNEMASTER mastery: life 800->1160 (ML40); mana 0->400 (ML40; was the sole 0-mana INT mastery)
  RUNEMASTER menhiraltar (Guardian Stones): cd 240->120, TTL 45->60 (~19%->~50% pet uptime)
  NEIDAN mastery: life 900->1050 (ML40; still squishiest/caster-leaning)
  NEIDAN terracotta_servant: petLimit [1x9,2] -> [1x7,2,2,3] (2 constructs by skill L8, 3 at L10)
  NEIDAN deathbomb: skillCastChance 33 -> 45 (x16; corpse-explosion clear engine)
  NEIDAN splash (Spreading Influence): +skillDependancy=shenpao (attaches the ML40 modifier)
  Mastery Wave 2 boosts applied (Warfare 4, Nature 4, Spirit 4, Dream 6, RuneMaster 2, Neidan 4)

=== OH pane art: Occult select-mastery preview repoint (4 DLC tiers) ===
  records\ingameui\player skills\select mastery\masterypane.dbr (imported+repointed) idx4: InGameUI\Skills\StealthPanelLarge01.tex -> DRXtextures\masterybackdrops\occultpanellarge.tex
  records\xpack\ui\skills\select mastery\masterypane.dbr (imported+repointed) idx4: XPack\UI\Skills\StealthPanelMedium01.tex -> DRXtextures\masterybackdrops\occultpanellarge.tex
  records\xpack2\ui\skills\select mastery\masterypane.dbr (imported+repointed) idx4: XPack\UI\Skills\StealthPanelMedium01.tex -> DRXtextures\masterybackdrops\occultpanellarge.tex
  records\xpack4\ui\skills\select mastery\masterypane.dbr (imported+repointed) idx4: XPack\UI\Skills\StealthPanelMedium01.tex -> DRXtextures\masterybackdrops\occultpanellarge.tex
  OH pane art: select-mastery Occult preview repointed on 4/4 DLC tiers

Build36 graft ON: loading SVAERA source: C:\Program Files (x86)\Steam\steamapps\workshop\content\475150\2076433374\SVAERA_customquest\Database\SVAERA_customquest.arz
  Read 10000/110495...
  Read 20000/110495...
  Read 30000/110495...
  Read 40000/110495...
  Read 50000/110495...
  Read 60000/110495...
  Read 70000/110495...
  Read 80000/110495...
  Read 90000/110495...
  Read 100000/110495...
  Read 110000/110495...
  Loaded: 110495 records, 266239 strings

=== BUILD36 LANE B: SVAERA mastery-skill graft (18 skills) ===
  closure import: 21 record(s) pulled from SVAERA
  drxrupture: cleared 2 dangling placeholder projectile-FX refs
    wired Slam: drxwarfareskilltree.dbr[skillName27] + UI mastery 1\skill26 (328,31)
    wired Fissure: drxwarfareskilltree.dbr[skillName28] + UI mastery 1\skill27 (328,217)
    wired Lasting Legacy: drxwarfareskilltree.dbr[skillName29] + UI mastery 1\skill28 (328,341)
    wired Perfect Block: drxdefensiveskilltree.dbr[skillName26] + UI mastery 2\skill25 (428,31)
    wired Unyielding Phalanx: drxdefensiveskilltree.dbr[skillName27] + UI mastery 2\skill26 (428,155)
    wired Fire Nova: drxearthskilltree.dbr[skillName26] + UI mastery 3\skill25 (428,31)
    wired Rupture: drxearthskilltree.dbr[skillName27] + UI mastery 3\skill26 (428,93)
    wired Burning Bolts: drxearthskilltree.dbr[skillName28] + UI mastery 3\skill27 (428,217)
    wired Flare: drxearthskilltree.dbr[skillName29] + UI mastery 3\skill28 (428,341)
    wired Lightning Dash: drxstormskilltree.dbr[skillName26] + UI mastery 4\skill26 (428,31)
    wired Frost Nova: drxstormskilltree.dbr[skillName27] + UI mastery 4\skill27 (428,155)
    wired Earthbind: drxnatureskilltree.dbr[skillName26] + UI mastery 8\skill25 (328,31)
    wired Sylvan Protection: drxnatureskilltree.dbr[skillName27] + UI mastery 8\skill26 (328,155)
    wired Dream Image: drxdreamskilltree.dbr[skillName26] + UI mastery 9\skill25 (128,31)
  re-registering ingameui panels for masteries [1, 2, 3, 4, 8]

=== Patch 10: Register SV-added skill buttons in panel controllers ===
  Mastery 1: 29 buttons (3 added) -> xpack + xpack3 overrides
  Mastery 2: 27 buttons (2 added) -> xpack + xpack3 overrides
  Mastery 3: 29 buttons (4 added) -> xpack + xpack3 overrides
  Mastery 4: 28 buttons (2 added) -> xpack + xpack3 overrides
  Mastery 5: 27 buttons -> xpack + xpack3 overrides
  Mastery 6: 25 buttons -> xpack + xpack3 overrides
  Mastery 7: 30 buttons -> xpack + xpack3 overrides
  Mastery 8: 27 buttons (2 added) -> xpack + xpack3 overrides
  Total skill buttons registered: 13
  Dream panectrl: +1 button (xpack mastery 9 skill25)
  GRAFT COMPLETE: 14 player-tree skills wired (21 closure records; 8 SV-authored tags)

=== BUILD36 LANE B: Runemaster buffs (vanilla-path, additive) ===
  Menhir Wall: cd 22->18, wall TTL 10->14 (+40% uptime)
  Mines: cd 9->8, active duration 10->14 (mines linger)
  RUNEMASTER buffs applied: 2 vanilla-path record(s)
  F7a storm panel: Skill25 moved (128,217) -> (128,279) (was overlapping Skill06 Static Charge)

=== GROUP E: N5 thrown weapons (drop restore + supra) ===
  N5 thrown-weapon drops RESTORED: 198 defaultloot tables (eligible 198, skipped-occupied 0)
  N5 supra thrown weapons: 3 supers (Sanguine Orbit, The Last Word, Charon's Toll) + 3 formulas wired into supra.dbr + supra_special.dbr @ w100

=== Patch 7: Verify uber monster classifications ===
  Skipping promotion -- original SV classifications are correct.
  40 um_ minions (Common/Champion/none) intentionally left as-is.

=== Patch 12: Create Uber Dungeon portal records ===
  Imported Dialog Needed.dbr from base game
  Imported boat captain from base game: records\creature\npc\speaking\greece\knossos_boatmantoegypt.dbr
  Created NPC: records\quests\portal_uberdungeon_entrance.dbr (cloned from records\creature\npc\speaking\greece\knossos_boatmantoegypt.dbr)
  Created NPC: records\quests\portal_uberdungeon_return.dbr (cloned from records\creature\npc\speaking\greece\knossos_boatmantoegypt.dbr)

=== Patch 13: Create Blood Cave portal records ===
  Created NPC: records\quests\portal_bloodcave_entrance.dbr (cloned from records\creature\npc\speaking\greece\knossos_boatmantoegypt.dbr)
  Created NPC: records\quests\portal_bloodcave_return.dbr (cloned from records\creature\npc\speaking\greece\knossos_boatmantoegypt.dbr)

D3 restore OFF (default; SVC_RESTORE_DROPPED_NPCS unset): dropped SVAERA town NPCs stay DE-PLACED by the map lane. Restoring them ships invisible/raw-named without the SVAERA _DRX art arcs + merchant tags.

=== Gate: player-skill anim castability (Mastery W1) ===
  INFO (modifier, never cast directly): records\xpack4\skills\neidan\splash.dbr :: anim 'PhantomStrike' not in the PC tables (Skill_Modifier)
  Player-skill anim gate: PASS (46 anim-carrying tree skills checked, 1 inert modifier note(s))

=== Creating uber monster souls ===
  Release drop-rate split: 1791 random-pool members, 0 placed-proxy members
  Pre-scan: 753 monster types already have soul refs
  Uber souls created: 28
  Soul records added: 84 (n/e/l variants)
  Skipped 61 non-monster/garbage records
  prefix-cache: STORED snapshot prefix-25a5294bfe4606b8.pkl
  b97 identity: 14652 display-name tags from Text_EN.arc

======================================================================
*** RELEASE BUILD (repo default): tuned soul drop rates kept (66% Hero/Quest, 25% Boss). ***
*** For a 100% test build, set SVC_TESTING_DROPS=1. ***
======================================================================
  A7: handcrafted 21/21 de-wired hero souls (evocative names + signature grants + amgoz downsides + per-tier itemLevel; stat-only souls grant-less)

=== Patch 13: Overhaul weak souls with skills/procs ===
  Copied from Rakanizeus monster: 804 anim, 40 skill fields
  Rakanizeus equipment: source loot-table loadout (1H/off-sword/armband/greaves)
  Rakanizeus summon: cloned 3 pet records from Lyia + summon skill
  Copied from Boneash monster: 801 anim, 37 skill fields
  Boneash equipment: source loot-table loadout (staff/bracelet/circlet/caster armor/greaves)
  Boneash summon: cloned 3 pet records from Lyia + summon skill
  Copied from Honor Guard monster: 762 anim, 29 skill fields
  Honor Guard equipment: none (barehanded construct)
  Pharaoh Guard summon: cloned 3 pet records from Lyia + summon skill
  A10 Narok the Rockskin: 3 pets from source rig + summon skill (250/300/350 en, 180s cd) + souls wired 1/2/3
  A10 Vort the Red: 3 pets from source rig + summon skill (250/300/350 en, 180s cd) + souls wired 1/2/3
  Pet skills built: Rakanizeus, Boneash, Pharaoh's Honor Guard, Narok, Vort
  Vort the Red skin: baseTexture -> FiretalonA.tex (wild + 3 summon pets)
  Pharaoh's Honor Guard drop rate: 2.25% -> 10% (12 monster records)
  Typhon drop rate -> 25.0% (3 monster records)
  Hades Form 3 drop rate -> 25.0% (3 monster records)
  Megalesios drop rate -> 25.0% (3 monster records)
  Aktaios drop rate -> 25.0% (3 monster records)
  Ormenos drop rate -> 25.0% (3 monster records)
  Cerberus drop rate -> 25.0% (3 monster records)
  Ormenos soul wired: 1 records
  Aktaios soul wired: 0 records
  Megalesios soul wired: 0 records
  Typhon (living) soul wired: 4 records
  Undead Typhon soul wired: 4 records
  Hellflower soul wired: 1 records
  Limos Lifeeater soul re-wired: 1 records
  Yaoguai xpack soul wired: 1 records (soul: yaoguai_soul_n.dbr)
  Charon Form 1 (39/41/43) soul wired: 3 records (soul: boss_charon_soul_n.dbr)
  Hydra (60/63) soul wired: 2 records (soul: hydra_soul_n.dbr)
  Eclipse cooldown: 90s -> 18s (for on-hit proc)
  Enhanced: rakanizeus_soul (3 variants)
  Enhanced: boneash_soul (3 variants)
  Enhanced: rockskin_soul_n (2 variants)
  Enhanced: rockskin_soul_e (1 variants)
  Enhanced: rockskin_soul_l (1 variants)
  Enhanced: vort_soul_n (2 variants)
  Enhanced: vort_soul_e (1 variants)
  Enhanced: vort_soul_l (1 variants)
  Enhanced: calybe_soul (3 variants)
  Enhanced: pharaohshonorguard_soul (3 variants)
  Enhanced: xerkosthebetrayer_soul (3 variants)
  Auto-enhanced 0 auto-generated (svc_uber) souls with element-matched skills
  Total soul records modified: 28
  Dagon added to 23 ichthian spawn pools as rare champion (weight=2)
  Dagon fixed: name -> tagSVCMonsterDagon; 5 dead skill slot(s) repointed at real skills (Tidal Strike primary + Venom Nova, Tidal Orb, Poison Gas Bomb, kept Super Bite; conversion-immunity restored)
  Cold Worm added to 63 Egypt underground/insect spawn pools (weight=2)
  Cold Worm stats boosted (speed 0.75, hand 180-280, life 14k/18k/22k)
  Cold Worm soul created (cold/poison theme, Lv 50, 66% drop rate)
    Paths: boss_coldworm50_soul_n.dbr / _e / _l
  SP Toxeus soul created (Tier 1 — Dream/Rogue assassin, 66% drop)
  Main Toxeus soul overhauled (3 records — Tier 3 rogue/warrior)
  Leinth soul created (blood witch — life/bleed, 66% drop, 3 variants)
  Murder Bunny soul created (Tier 2 — physical devastation, 66% drop)
  SP Hades soul created (Tier 2 — shadow/life, 66% drop)
  Dagon soul created (deep sea poison lord, 66% drop)
    dev skeleton z_tildavtilde: promoted classification 'Champion' -> 'Quest' (soul-dropper gate)
  Developer skeleton souls created: 15 (Secret Passage, 66% drop each)
  Melalos soul overhauled (3 records — zombie summoner, 25% drop)
  Neanderthal warband: cloning from um_rong_40.dbr
    Created n_mega.dbr (Lv35, 8000 HP)
    Created n_emgiec.dbr (Lv33, 5500 HP)
    Created n_vio.dbr (Lv33, 4500 HP)
    n_mega added to 13 neanderthal pools
    n_emgiec added to 13 neanderthal pools
    n_vio added to 13 neanderthal pools
  Neanderthal warband souls created: n_mega (tank), n_emgiec (hacker), n_vio (wizard)

=== Patch 14: Cascade mercenary scrolls across difficulties ===
  records\item\loottables\mercscrolls\01_n_mercscrolls.dbr: 6 scrolls (N tier)
  records\item\loottables\mercscrolls\02_n_mercscrolls.dbr: 6 scrolls (N tier)
  records\item\loottables\mercscrolls\03_n_mercscrolls.dbr: 6 scrolls (N tier)
  records\item\loottables\mercscrolls\04_n_mercscrolls.dbr: 6 scrolls (N tier)
  records\item\loottables\mercscrolls\01_e_mercscrolls.dbr: 9 scrolls (E tier)
  records\item\loottables\mercscrolls\02_e_mercscrolls.dbr: 9 scrolls (E tier)
  records\item\loottables\mercscrolls\04_e_mercscrolls.dbr: 9 scrolls (E tier)
  records\item\loottables\mercscrolls\01_l_mercscrolls.dbr: 10 scrolls (L tier)
  Updated 8 loot tables

=== Patch 15: Add Blood Mistress formula to boss loot tables ===
  Added formula to 13 forge formula drop tables

=== Audit: uber soul SKIP list coverage ===
  Skipped WITHOUT soul (27):
    04_spiritcaller_40 — SKIP_NAMES(_spirit)
    04_spiritcaller_41 — SKIP_NAMES(_spirit)
    04_spiritcaller_42 — SKIP_NAMES(_spirit)
    boss_deino_35_old — SKIP_NAMES(\old\)
    boss_deino_37_old — SKIP_NAMES(\old\)
    boss_deino_39_old — SKIP_NAMES(\old\)
    boss_enyo_35_old — SKIP_NAMES(\old\)
    boss_enyo_37_old — SKIP_NAMES(\old\)
    boss_enyo_39_old — SKIP_NAMES(\old\)
    boss_pemphredo_36_old — SKIP_NAMES(\old\)
    boss_pemphredo_38_old — SKIP_NAMES(\old\)
    boss_pemphredo_40_old — SKIP_NAMES(\old\)
    boss_pharaohshonorguard_spirit — SKIP_EXACT(boss_pharaohshonorguard_spirit)
    copy of anapaest_45 — SKIP_NAMES(copy of)
    copy of boss_sandwraithlord_28 — SKIP_NAMES(copy of)
    copy of boss_sandwraithlord_31 — SKIP_NAMES(copy of)
    copy of boss_sandwraithlord_34 — SKIP_NAMES(copy of)
    hades_test — SKIP_NAMES(test)
    leinth_bones — SKIP_NAMES(_bones)
    seductress_bones — SKIP_NAMES(_bones)
    typhon_bones — SKIP_EXACT(typhon_bones)
    um_anklesickle_13_ambush — SKIP_NAMES(_ambush)
    um_shadowstalker_24_ambush — SKIP_NAMES(_ambush)
    um_shadowstalker_27_ambush — SKIP_NAMES(_ambush)
    um_shadowstalker_30_ambush — SKIP_NAMES(_ambush)
    xsq03_blightcaster_35_ambush — SKIP_NAMES(_ambush)
    xsq03_blightcaster_37_ambush — SKIP_NAMES(_ambush)
  Skipped WITH soul (OK): 97
  Total skipped without soul: 27

  Feth (Reptilian Hero):
    Soul created and wired to um_feth_27 (charLevel [27, 48, 63])
  Graeae verified: 9 records, 0 dropItems fixed

  Placing orphan monsters in spawn pools:
    Phagia Lv34: 41 pools
    Phagia Lv44: 48 pools
    Frost Lv36: 54 pools
    Ainex Lv45: 53 pools
    Droolbog Lv43: 12 pools
    Prox Lv47: promoted classification None -> 'Hero' (soul-dropper gate)
    Prox Lv47: 12 pools
    Yama Lv38: 13 pools
    Inkeyes2 Lv45: 37 pools
    Tomb Guardian Lv26: 6 pools
  Orphan monsters: 276 pool entries, 3 new souls

  Wiring missing difficulty variants into pools:
    um_dapoyan_42: 23 pools
    um_indrajit_42: 23 pools
    um_vidja_43: 23 pools
    um_rong_40: 13 pools
    um_vuji_41: 13 pools
    um_rocksting_29: 24 pools
    hero_sehr'tunkah_30: 23 pools
    hero_sehr'tunkah_36: 23 pools
    boss_terracottamage_bandari_40: 1 pools
  Difficulty variants: 166 pool entries added

  Wiring IT expansion orphans:
    Blood Sister Safiya: 3 variants wired + pooled
    Blood Sister Sagira: 3 variants wired + pooled
    xhero_lash_47: soul created, 35 pools, 2 lower variants
    xhero_theflayer_47: soul created, 35 pools, 2 lower variants
    xhero_rottingdevourer_41: soul created, 10 pools, 2 lower variants

  Overhauling generic/weak souls:
  Generic souls overhauled: 214 records modified
  Note: 77 Dropbox conflicted copy records still exist (harmless)
    xeiwang_1.dbr: stripped 48 foreign .anm overrides (source anm table now drives the body)
    xeiwang_1.dbr: stripped Lyia green residue (buffSelfSkillName=envenomweapon.dbr, buffSelf2SkillName=heartofoak.dbr, healSkillName=regrowth_lyia.dbr, deathEffect=343_natureswrath_low_fx.dbr, attackSkillName=maenadsummon_attack_default.dbr)
    xeiwang_1.dbr: aligned identity (alertSound<-skeletonalertpak.dbr, alertSoundChance<-30.0, characterRacialProfile<-Undead, criticalHitSound<-skeletoncrithitpak.dbr, deathSound1<-skeletondeathpak.dbr, distressCallGroup<-Skeleton, rallySound<-STRIP(maenadrallypak.dbr), rallySoundChance<-0.0, rampageSound<-STRIP(maenadrampagepak.dbr), rampageSoundChance<-0.0, rampageSoundDelay<-0.0, stunSound<-skeletonstunpak.dbr, voxSound<-skeletonvoxpax.dbr)
    xeiwang_2.dbr: stripped 48 foreign .anm overrides (source anm table now drives the body)
    xeiwang_2.dbr: stripped Lyia green residue (buffSelfSkillName=envenomweapon.dbr, buffSelf2SkillName=heartofoak.dbr, healSkillName=regrowth_lyia.dbr, deathEffect=343_natureswrath_low_fx.dbr, attackSkillName=maenadsummon_attack_default.dbr)
    xeiwang_2.dbr: aligned identity (alertSound<-skeletonalertpak.dbr, alertSoundChance<-30.0, characterRacialProfile<-Undead, criticalHitSound<-skeletoncrithitpak.dbr, deathSound1<-skeletondeathpak.dbr, distressCallGroup<-Skeleton, rallySound<-STRIP(maenadrallypak.dbr), rallySoundChance<-0.0, rampageSound<-STRIP(maenadrampagepak.dbr), rampageSoundChance<-0.0, rampageSoundDelay<-0.0, stunSound<-skeletonstunpak.dbr, voxSound<-skeletonvoxpax.dbr)
    xeiwang_3.dbr: stripped 48 foreign .anm overrides (source anm table now drives the body)
    xeiwang_3.dbr: stripped Lyia green residue (buffSelfSkillName=envenomweapon.dbr, buffSelf2SkillName=heartofoak.dbr, healSkillName=regrowth_lyia.dbr, deathEffect=343_natureswrath_low_fx.dbr, attackSkillName=maenadsummon_attack_default.dbr)
    xeiwang_3.dbr: aligned identity (alertSound<-skeletonalertpak.dbr, alertSoundChance<-30.0, characterRacialProfile<-Undead, criticalHitSound<-skeletoncrithitpak.dbr, deathSound1<-skeletondeathpak.dbr, distressCallGroup<-Skeleton, rallySound<-STRIP(maenadrallypak.dbr), rallySoundChance<-0.0, rampageSound<-STRIP(maenadrampagepak.dbr), rampageSoundChance<-0.0, rampageSoundDelay<-0.0, stunSound<-skeletonstunpak.dbr, voxSound<-skeletonvoxpax.dbr)
  D8 Xeiwang summon-soul: 3 pets from um_xaiweng_48 rig + summon; souls rewired 1/2/3
    mountainblade_1.dbr: stripped 27 foreign .anm overrides (source anm table now drives the body)
    mountainblade_1.dbr: stripped Lyia green residue (buffSelf2SkillName=heartofoak.dbr, healSkillName=regrowth_lyia.dbr, deathEffect=343_natureswrath_low_fx.dbr)
    mountainblade_1.dbr: aligned identity (alertSound<-dragonianalertpak.dbr, alertSoundChance<-40.0, criticalHitSound<-STRIP(maenadcrithitpak.dbr), deathSound1<-dragoniandeathpak.dbr, distressCallGroup<-STRIP(Maenad), rallySound<-STRIP(maenadrallypak.dbr), rallySoundChance<-0.0, rampageSound<-STRIP(maenadrampagepak.dbr), rampageSoundChance<-0.0, rampageSoundDelay<-0.0, stunSound<-dragonianstunpak.dbr, voxSound<-dragonianshortvoxpak.dbr, voxSoundChance<-35.0)
    mountainblade_2.dbr: stripped 27 foreign .anm overrides (source anm table now drives the body)
    mountainblade_2.dbr: stripped Lyia green residue (buffSelf2SkillName=heartofoak.dbr, healSkillName=regrowth_lyia.dbr, deathEffect=343_natureswrath_low_fx.dbr)
    mountainblade_2.dbr: aligned identity (alertSound<-dragonianalertpak.dbr, alertSoundChance<-40.0, criticalHitSound<-STRIP(maenadcrithitpak.dbr), deathSound1<-dragoniandeathpak.dbr, distressCallGroup<-STRIP(Maenad), rallySound<-STRIP(maenadrallypak.dbr), rallySoundChance<-0.0, rampageSound<-STRIP(maenadrampagepak.dbr), rampageSoundChance<-0.0, rampageSoundDelay<-0.0, stunSound<-dragonianstunpak.dbr, voxSound<-dragonianshortvoxpak.dbr, voxSoundChance<-35.0)
    mountainblade_3.dbr: stripped 27 foreign .anm overrides (source anm table now drives the body)
    mountainblade_3.dbr: stripped Lyia green residue (buffSelf2SkillName=heartofoak.dbr, healSkillName=regrowth_lyia.dbr, deathEffect=343_natureswrath_low_fx.dbr)
    mountainblade_3.dbr: aligned identity (alertSound<-dragonianalertpak.dbr, alertSoundChance<-40.0, criticalHitSound<-STRIP(maenadcrithitpak.dbr), deathSound1<-dragoniandeathpak.dbr, distressCallGroup<-STRIP(Maenad), rallySound<-STRIP(maenadrallypak.dbr), rallySoundChance<-0.0, rampageSound<-STRIP(maenadrampagepak.dbr), rampageSoundChance<-0.0, rampageSoundDelay<-0.0, stunSound<-dragonianstunpak.dbr, voxSound<-dragonianshortvoxpak.dbr, voxSoundChance<-35.0)
  D9 Huo-ren the Mountainblade: WRONG-DROP FIXED (um_mountainblade_43 -> own soul, was mukesha_soul) + summon-soul + 3 pets from flameguard rig
  Q3 herald: portal_master_olympus.dbr cloned from the Knossos boatman (proven boat-dialog NPC shape); name/chat/travel tags set
  Q2 portal-master: portal_master_helos.dbr cloned from the Knossos boatman (proven boat-dialog NPC shape); name/chat + 4 destination menu tags set
  Portal rig: svc_testhub_master + svc_testhub_return + A6 split masters (svc_testhub_master_helos/_cave) cloned from the Knossos boatman; name/chat + 3 new menu tags set (Garden/Secret/Uber/Sparta reuse Almyros)
  Portal rig warden-split: 5 per-area return records (svc_testhub_return_{garden,secret,uber,sparta,bossarena}) cloned from the Knossos boatman; Nostos identity + 2-port menu reused (zero new Text)
  Helos traveler hub: 14 named outbound travelers + 11 area return NPCs cloned from the Knossos boatman; name/chat/menu tags set (INERT until the TESTHUB map places them)
  Traveler enter-offers: 4 boat-menu labels minted (Sparta Crypt + Uber Dungeon enter-offers; Athens Catacomb + Labyrinth Door return-to-origin) - zero new arz records, reuses the existing placed return NPCs on both ends of each round trip
  D10 Emberscale: 3 charms (turtle-pattern, weapons-only, fire + armor melt) + 3 bonus tables (w1500) + 3 loot tables; wired em_ravager_39/41 lootMisc3 @ 7% (turtle-matched)
  Zero-level soul procs fixed: 8 record(s) (B-SOUL-PROC-1 FIX B)

=== Boss Souls wave (design doc) ===
  Ainex soul: rich spectral-caster block at 3 svc_uber paths (replaced placeholder)
  Limos Lifeeater stub completed: 3 records (life-drain, Lv 36/54/69)
  Kallixenia soul: lich-queen caster (3 paths, 66% drop)
  Zilla soul: dual-blade cold whirlwind (3 paths)
  Numberouane soul: frost-king blizzard (3 paths)
  Kreeloo soul: telkine chaos-lightning (3 paths)
  Kaets soul: nature quill-vine summoner (3 paths)
  Anapaest soul: gigantes ground-breaker tank (3 paths)
  bwpriest_1.dbr: stripped 59 foreign .anm overrides (anm_melinoe now drives the body)
  bwpriest_2.dbr: stripped 59 foreign .anm overrides (anm_melinoe now drives the body)
  bwpriest_3.dbr: stripped 59 foreign .anm overrides (anm_melinoe now drives the body)
    bwpriest_attendant_1.dbr: stripped 59 foreign .anm overrides (source anm table now drives the body)
    bwpriest_attendant_1.dbr: stripped Lyia green residue (buffSelfSkillName=envenomweapon.dbr, buffSelf2SkillName=heartofoak.dbr, healSkillName=regrowth_lyia.dbr, deathEffect=343_natureswrath_low_fx.dbr, attackSkillName=maenadsummon_attack_default.dbr)
    bwpriest_attendant_1.dbr: aligned identity (alertSound<-melinoe_alert.dbr, characterRacialProfile<-Demon, criticalHitSound<-STRIP(maenadcrithitpak.dbr), deathSound1<-melinoe_death.dbr, distressCallGroup<-DuneRaider, rallySound<-STRIP(maenadrallypak.dbr), rallySoundChance<-0.0, rampageSound<-STRIP(maenadrampagepak.dbr), rampageSoundChance<-0.0, rampageSoundDelay<-0.0, stunSound<-melinoe_stun.dbr, voxSound<-melinoe_vox.dbr, voxSoundChance<-35.0)
    bwpriest_attendant_2.dbr: stripped 59 foreign .anm overrides (source anm table now drives the body)
    bwpriest_attendant_2.dbr: stripped Lyia green residue (buffSelfSkillName=envenomweapon.dbr, buffSelf2SkillName=heartofoak.dbr, healSkillName=regrowth_lyia.dbr, deathEffect=343_natureswrath_low_fx.dbr, attackSkillName=maenadsummon_attack_default.dbr)
    bwpriest_attendant_2.dbr: aligned identity (alertSound<-melinoe_alert.dbr, characterRacialProfile<-Demon, criticalHitSound<-STRIP(maenadcrithitpak.dbr), deathSound1<-melinoe_death.dbr, distressCallGroup<-DuneRaider, rallySound<-STRIP(maenadrallypak.dbr), rallySoundChance<-0.0, rampageSound<-STRIP(maenadrampagepak.dbr), rampageSoundChance<-0.0, rampageSoundDelay<-0.0, stunSound<-melinoe_stun.dbr, voxSound<-melinoe_vox.dbr, voxSoundChance<-35.0)
    bwpriest_attendant_3.dbr: stripped 59 foreign .anm overrides (source anm table now drives the body)
    bwpriest_attendant_3.dbr: stripped Lyia green residue (buffSelfSkillName=envenomweapon.dbr, buffSelf2SkillName=heartofoak.dbr, healSkillName=regrowth_lyia.dbr, deathEffect=343_natureswrath_low_fx.dbr, attackSkillName=maenadsummon_attack_default.dbr)
    bwpriest_attendant_3.dbr: aligned identity (alertSound<-melinoe_alert.dbr, characterRacialProfile<-Demon, criticalHitSound<-STRIP(maenadcrithitpak.dbr), deathSound1<-melinoe_death.dbr, distressCallGroup<-DuneRaider, rallySound<-STRIP(maenadrallypak.dbr), rallySoundChance<-0.0, rampageSound<-STRIP(maenadrampagepak.dbr), rampageSoundChance<-0.0, rampageSoundDelay<-0.0, stunSound<-melinoe_stun.dbr, voxSound<-melinoe_vox.dbr, voxSoundChance<-35.0)
    bwpriest_1.dbr: stripped 48 foreign .anm overrides (source anm table now drives the body)
    bwpriest_1.dbr: stripped Lyia green residue (buffSelf2SkillName=heartofoak.dbr, healSkillName=regrowth_lyia.dbr, deathEffect=343_natureswrath_low_fx.dbr, attackSkillName=maenadsummon_attack_default.dbr)
    bwpriest_1.dbr: aligned identity (alertSound<-snd_highpriest_alertpak.dbr, alertSoundChance<-100.0, characterRacialProfile<-God, criticalHitSound<-skeletoncrithitpak.dbr, deathSound1<-skeletondeathpak.dbr, distressCallGroup<-Euronymus, rallySound<-STRIP(maenadrallypak.dbr), rallySoundChance<-0.0, rampageSound<-STRIP(maenadrampagepak.dbr), rampageSoundChance<-0.0, rampageSoundDelay<-0.0, stunSound<-skeletonstunpak.dbr, voxSound<-STRIP(maenadvoxpak.dbr), voxSoundChance<-0.0)
    bwpriest_2.dbr: stripped 48 foreign .anm overrides (source anm table now drives the body)
    bwpriest_2.dbr: stripped Lyia green residue (buffSelf2SkillName=heartofoak.dbr, healSkillName=regrowth_lyia.dbr, deathEffect=343_natureswrath_low_fx.dbr, attackSkillName=maenadsummon_attack_default.dbr)
    bwpriest_2.dbr: aligned identity (alertSound<-snd_highpriest_alertpak.dbr, alertSoundChance<-100.0, characterRacialProfile<-God, criticalHitSound<-skeletoncrithitpak.dbr, deathSound1<-skeletondeathpak.dbr, distressCallGroup<-Euronymus, rallySound<-STRIP(maenadrallypak.dbr), rallySoundChance<-0.0, rampageSound<-STRIP(maenadrampagepak.dbr), rampageSoundChance<-0.0, rampageSoundDelay<-0.0, stunSound<-skeletonstunpak.dbr, voxSound<-STRIP(maenadvoxpak.dbr), voxSoundChance<-0.0)
    bwpriest_3.dbr: stripped 48 foreign .anm overrides (source anm table now drives the body)
    bwpriest_3.dbr: stripped Lyia green residue (buffSelf2SkillName=heartofoak.dbr, healSkillName=regrowth_lyia.dbr, deathEffect=343_natureswrath_low_fx.dbr, attackSkillName=maenadsummon_attack_default.dbr)
    bwpriest_3.dbr: aligned identity (alertSound<-snd_highpriest_alertpak.dbr, alertSoundChance<-100.0, characterRacialProfile<-God, criticalHitSound<-skeletoncrithitpak.dbr, deathSound1<-skeletondeathpak.dbr, distressCallGroup<-Euronymus, rallySound<-STRIP(maenadrallypak.dbr), rallySoundChance<-0.0, rampageSound<-STRIP(maenadrampagepak.dbr), rampageSoundChance<-0.0, rampageSoundDelay<-0.0, stunSound<-skeletonstunpak.dbr, voxSound<-STRIP(maenadvoxpak.dbr), voxSoundChance<-0.0)
  R-43 Blood Cult High Priest summon: 3 source-faithful High-Priest pets + 3 tamed blade-dancer attendant pet-of-pet + summon skill
  Blood High Priest soul: summon-soul (3 paths)
  lillued_1.dbr: stripped 49 foreign .anm overrides (anm_djinn + Bat now drive the body)
  lillued_2.dbr: stripped 49 foreign .anm overrides (anm_djinn + Bat now drive the body)
  lillued_3.dbr: stripped 49 foreign .anm overrides (anm_djinn + Bat now drive the body)
  Lil'Lued Elder Djinn summon: 3 storm-djinn pets + summon skill
  Lil'Lued soul: storm-djinn summon-soul (3 paths)
  Crow Heroes faction: 30 soul records across 9 heroes
  D2 NPC souls: Charsi (smith) + Gheed (utility) = 6 records
  Other single-boss soul targets: 15 records across 5 monsters
    F1 guard: chimera_soul_n.dbr grants a Skill_SpawnPet summon - proc level/controller left alone
    F1 guard: chimera_soul_e.dbr grants a Skill_SpawnPet summon - proc level/controller left alone
    F1 guard: chimera_soul_l.dbr grants a Skill_SpawnPet summon - proc level/controller left alone
    F1 guard: hydra_soul_n.dbr grants a Skill_SpawnPet summon - proc level/controller left alone
    F1 guard: hydra_soul_e.dbr grants a Skill_SpawnPet summon - proc level/controller left alone
    F1 guard: hydra_soul_l.dbr grants a Skill_SpawnPet summon - proc level/controller left alone
    F1 guard: xiao_soul_n.dbr grants a Skill_SpawnPet summon - proc level/controller left alone
    F1 guard: xiao_soul_e.dbr grants a Skill_SpawnPet summon - proc level/controller left alone
    F1 guard: xiao_soul_l.dbr grants a Skill_SpawnPet summon - proc level/controller left alone
    F1 guard: phagia_soul_e.dbr grants a Skill_SpawnPet summon - proc level/controller left alone
    F1 guard: phagia_soul_l.dbr grants a Skill_SpawnPet summon - proc level/controller left alone
    F1 guard: phagia_soul_n.dbr grants a Skill_SpawnPet summon - proc level/controller left alone
    F1 guard: melalos_soul_n.dbr grants a Skill_SpawnPet summon - proc level/controller left alone
    F1 guard: melalos_soul_e.dbr grants a Skill_SpawnPet summon - proc level/controller left alone
    F1 guard: melalos_soul_l.dbr grants a Skill_SpawnPet summon - proc level/controller left alone
  Table B completion: 150 soul records deepened across 50 bases
    bases: polyphemus(3), chimera(3), ormenos(3), yaoguai(3), dragonliche(3), gargantuanyeti(3), euryale(3), medusa(3), sstheno(3), megalesios(3), hydra(3), manticore(3), minotaurlord(3), barmanu(3), alastor(3), sandwraithlord(3), scarabaeus(3), nehebkau(3), nessus(3), arachne(3), talos(3), bandari(3), typhon(3), xiao(3), grimshell(3), darksatyrshaman(3), stormbird(3), permean(3), kaublasia(3), phagia(3), maenadsorceress(3), uber(3), syrinx(3), wheedletongue(3), palai(3), arachnesshame(3), melalos(3), hades(3), aktaios(3), deino(3), enyo(3), pemphredo(3), charon(3), cerberus(3), undeadtyphon(3), antaeus(3), deeptresher(3), meglograi(3), bloodcrow(3), elephantsnatcher(3)
    gated soul drop OFF (class=Common): records\creature\monster\tombguardian\um_tombguardian_26.dbr
    gated soul drop OFF (class=Common): records\xpack\creatures\monster\bosses\04_skeletaltyphon\skeletaltyphon.dbr
    gated soul drop OFF (class=None): records\xpack\creatures\monster\bosses\04_skeletaltyphon\anm\anm_skeletaltyphon.dbr
  Common/no-class soul leaks gated: 3 records

=== Blood Toxeus wave (Hemorrheus, the Red Verdict) ===
  Blood Toxeus FX: GREEN poison shroud recolored RED (envenom blood variant only; lildude summon = shared donor untouched; Athens Toxeus untouched) [B-TOXEUS-2 safe shape]
  Hemorrheus monster created: Lv[40,68,100] HP[13000,18000,24000], blood kit + bleed wall
  Hemorrheus proxy + pool created (limit=limit_bloodtoxeus [1..110]; spawn 1 boss + 2 blood-demon adds via spawn=3/champMin=Max=2/champChance=100)
    bloodtoxeus_1.dbr: stripped 21 foreign .anm overrides (source anm table now drives the body)
    bloodtoxeus_1.dbr: aligned identity (alertSound<-skeletonalertpak.dbr, alertSoundChance<-30.0, characterRacialProfile<-Undead, criticalHitSound<-skeletoncrithitpak.dbr, deathSound1<-skeletondeathpak.dbr, distressCallGroup<-Skeleton, rallySound<-STRIP(maenadrallypak.dbr), rallySoundChance<-0.0, rampageSound<-STRIP(maenadrampagepak.dbr), rampageSoundChance<-0.0, rampageSoundDelay<-0.0, stunSound<-skeletonstunpak.dbr, voxSound<-skeletonvoxpax.dbr)
    bloodtoxeus_2.dbr: stripped 21 foreign .anm overrides (source anm table now drives the body)
    bloodtoxeus_2.dbr: aligned identity (alertSound<-skeletonalertpak.dbr, alertSoundChance<-30.0, characterRacialProfile<-Undead, criticalHitSound<-skeletoncrithitpak.dbr, deathSound1<-skeletondeathpak.dbr, distressCallGroup<-Skeleton, rallySound<-STRIP(maenadrallypak.dbr), rallySoundChance<-0.0, rampageSound<-STRIP(maenadrampagepak.dbr), rampageSoundChance<-0.0, rampageSoundDelay<-0.0, stunSound<-skeletonstunpak.dbr, voxSound<-skeletonvoxpax.dbr)
    bloodtoxeus_3.dbr: stripped 21 foreign .anm overrides (source anm table now drives the body)
    bloodtoxeus_3.dbr: aligned identity (alertSound<-skeletonalertpak.dbr, alertSoundChance<-30.0, characterRacialProfile<-Undead, criticalHitSound<-skeletoncrithitpak.dbr, deathSound1<-skeletondeathpak.dbr, distressCallGroup<-Skeleton, rallySound<-STRIP(maenadrallypak.dbr), rallySoundChance<-0.0, rampageSound<-STRIP(maenadrampagepak.dbr), rampageSoundChance<-0.0, rampageSoundDelay<-0.0, stunSound<-skeletonstunpak.dbr, voxSound<-skeletonvoxpax.dbr)
  D7 Toxeus summon: 3 pets from boss rig (RevenantPoison + crimson) + summon skill (250/300/350 en, 180s cd); gear auto-mirrors the boss (A1)
  Crimson Verdict set created: single-tier L set + 12 item records (4 L members + 8 N/E standalone)
  Crimson Verdict loot: 3 guaranteed-piece + 3 high-bleed FixedWeight tables
  Toxeus (Devourer of Blood) summon-soul created: 3 tiers (manual-cast summon-the-boss; 25% drop [release])
  Hemorrheus loot wired: guaranteed set piece (RightHand@100) + high-bleed (LeftHand@100)
  M15/b91 chest room: egg_blooddragon pool -> GUARANTEED-BOSS shape (name1..3 = um_bloodtoxeus_99 MAIN, 3 blood-dragon champion escorts, championChance=100 championMin=championMax=3, spawnMax=4 -> exactly 1 Devourer + 3 dragons every run, 1..6P); proxy difficultyLimitsFile -> limit_bloodtoxeus [1..110] (was the area-trash limit_area002 N[23-26]/E[38-51]/L[60-65] that diluted a charLevel[40,68,100] superboss)

=== GROUP 3: D11/D12/D16/D17/D18 tunes ===
  G3 D11 Rally: cooldown 45 -> 30
  G3 D12 Myrmidon souls: life 250/450/650, OA 60/120/180, cold 15-25/30-45/50-75 +20/35/50 pct, cold res, +atk speed
  G3 D16 Shadow Stalker (20 tiers): suicide shadowstrike -> distortion veil; life 500..2210 (was flat 297), dmg 120-150..386-492 (was flat 83-98), str/dex ladders. OCCULT EXCEPTION per Will: 'make him stronger, much stronger'
  G3 D16b Shadow Stalker (F4): shadowzap -> AoE petrify 2.0-4.0 + stun 0.8-2.0 + confuse 0.5-1.5 (valves 65/45/35); dead teleport slot cleared + resist floor on 20 tiers
  G3 D17 Core Dweller (20 tiers): life x1.75 (781->1367 .. 2250->3937), dmg x1.6, str x1.25, regen x1.5; taunt kit untouched
  G3 D18 Emberscale: raptor-tooth icon (de-turtled) + redesigned effect (flat fire + 20/30/40 pct fire amp + 30/50/70 burn over 3s; armor-melt removed)

=== GROUP 4: D13/D14/D20/D21 summon souls ===
    eaterofdays_1.dbr: stripped 28 foreign .anm overrides (source anm table now drives the body)
    eaterofdays_1.dbr: stripped Lyia green residue (buffSelfSkillName=envenomweapon.dbr, buffSelf2SkillName=heartofoak.dbr, healSkillName=regrowth_lyia.dbr, deathEffect=343_natureswrath_low_fx.dbr, attackSkillName=maenadsummon_attack_default.dbr)
    eaterofdays_1.dbr: aligned identity (alertSound<-dragonlichalertpak.dbr, alertSoundChance<-80.0, characterRacialProfile<-Demon, criticalHitSound<-dragonlichcgscreampak.dbr, deathSound1<-dragonlichdeathpak.dbr, distressCallGroup<-Skeleton, rallySound<-STRIP(maenadrallypak.dbr), rallySoundChance<-25.0, rampageSound<-STRIP(maenadrampagepak.dbr), rampageSoundChance<-30.0, rampageSoundDelay<-1.0, stunSound<-dragonlichcggruntpak.dbr, voxSound<-dragonlichvoxshortpak.dbr, voxSoundChance<-25.0)
    eaterofdays_2.dbr: stripped 28 foreign .anm overrides (source anm table now drives the body)
    eaterofdays_2.dbr: stripped Lyia green residue (buffSelfSkillName=envenomweapon.dbr, buffSelf2SkillName=heartofoak.dbr, healSkillName=regrowth_lyia.dbr, deathEffect=343_natureswrath_low_fx.dbr, attackSkillName=maenadsummon_attack_default.dbr)
    eaterofdays_2.dbr: aligned identity (alertSound<-dragonlichalertpak.dbr, alertSoundChance<-80.0, characterRacialProfile<-Demon, criticalHitSound<-dragonlichcgscreampak.dbr, deathSound1<-dragonlichdeathpak.dbr, distressCallGroup<-Skeleton, rallySound<-STRIP(maenadrallypak.dbr), rallySoundChance<-25.0, rampageSound<-STRIP(maenadrampagepak.dbr), rampageSoundChance<-30.0, rampageSoundDelay<-1.0, stunSound<-dragonlichcggruntpak.dbr, voxSound<-dragonlichvoxshortpak.dbr, voxSoundChance<-25.0)
    eaterofdays_3.dbr: stripped 28 foreign .anm overrides (source anm table now drives the body)
    eaterofdays_3.dbr: stripped Lyia green residue (buffSelfSkillName=envenomweapon.dbr, buffSelf2SkillName=heartofoak.dbr, healSkillName=regrowth_lyia.dbr, deathEffect=343_natureswrath_low_fx.dbr, attackSkillName=maenadsummon_attack_default.dbr)
    eaterofdays_3.dbr: aligned identity (alertSound<-dragonlichalertpak.dbr, alertSoundChance<-80.0, characterRacialProfile<-Demon, criticalHitSound<-dragonlichcgscreampak.dbr, deathSound1<-dragonlichdeathpak.dbr, distressCallGroup<-Skeleton, rallySound<-STRIP(maenadrallypak.dbr), rallySoundChance<-25.0, rampageSound<-STRIP(maenadrampagepak.dbr), rampageSoundChance<-30.0, rampageSoundDelay<-1.0, stunSound<-dragonlichcggruntpak.dbr, voxSound<-dragonlichvoxshortpak.dbr, voxSoundChance<-25.0)
  G4 D13 Eater of Days: 3 pets from um_eaterofdays_45.dbr (charLevel [45, 61, 76], loadout 0 slot(s)) + summon skill; souls rewired 1/2/3
    pygmalion_1.dbr: stripped 44 foreign .anm overrides (source anm table now drives the body)
    pygmalion_1.dbr: stripped Lyia green residue (buffSelf2SkillName=heartofoak.dbr, healSkillName=regrowth_lyia.dbr, deathEffect=343_natureswrath_low_fx.dbr, attackSkillName=maenadsummon_attack_default.dbr)
    pygmalion_1.dbr: aligned identity (alertSound<-STRIP(maenadalertpak.dbr), alertSoundChance<-60.0, characterRacialProfile<-Construct, criticalHitSound<-STRIP(maenadcrithitpak.dbr), deathSound1<-automatoideathpak.dbr, distressCallGroup<-STRIP(Maenad), rallySound<-STRIP(maenadrallypak.dbr), rallySoundChance<-0.0, rampageSound<-STRIP(maenadrampagepak.dbr), rampageSoundChance<-0.0, rampageSoundDelay<-0.0, stunSound<-STRIP(maenadstunpak.dbr), voxSound<-automatoivoxpak.dbr, voxSoundChance<-80.0)
    pygmalion_2.dbr: stripped 44 foreign .anm overrides (source anm table now drives the body)
    pygmalion_2.dbr: stripped Lyia green residue (buffSelf2SkillName=heartofoak.dbr, healSkillName=regrowth_lyia.dbr, deathEffect=343_natureswrath_low_fx.dbr, attackSkillName=maenadsummon_attack_default.dbr)
    pygmalion_2.dbr: aligned identity (alertSound<-STRIP(maenadalertpak.dbr), alertSoundChance<-60.0, characterRacialProfile<-Construct, criticalHitSound<-STRIP(maenadcrithitpak.dbr), deathSound1<-automatoideathpak.dbr, distressCallGroup<-STRIP(Maenad), rallySound<-STRIP(maenadrallypak.dbr), rallySoundChance<-0.0, rampageSound<-STRIP(maenadrampagepak.dbr), rampageSoundChance<-0.0, rampageSoundDelay<-0.0, stunSound<-STRIP(maenadstunpak.dbr), voxSound<-automatoivoxpak.dbr, voxSoundChance<-80.0)
    pygmalion_3.dbr: stripped 44 foreign .anm overrides (source anm table now drives the body)
    pygmalion_3.dbr: stripped Lyia green residue (buffSelf2SkillName=heartofoak.dbr, healSkillName=regrowth_lyia.dbr, deathEffect=343_natureswrath_low_fx.dbr, attackSkillName=maenadsummon_attack_default.dbr)
    pygmalion_3.dbr: aligned identity (alertSound<-STRIP(maenadalertpak.dbr), alertSoundChance<-60.0, characterRacialProfile<-Construct, criticalHitSound<-STRIP(maenadcrithitpak.dbr), deathSound1<-automatoideathpak.dbr, distressCallGroup<-STRIP(Maenad), rallySound<-STRIP(maenadrallypak.dbr), rallySoundChance<-0.0, rampageSound<-STRIP(maenadrampagepak.dbr), rampageSoundChance<-0.0, rampageSoundDelay<-0.0, stunSound<-STRIP(maenadstunpak.dbr), voxSound<-automatoivoxpak.dbr, voxSoundChance<-80.0)
  G4 D14 Pygmalion: 3 pets from um_pygmalion_41.dbr (charLevel [41, 58, 71], loadout 3 slot(s)) + summon skill; souls rewired 1/2/3
    sarpedon_1.dbr: stripped 28 foreign .anm overrides (source anm table now drives the body)
    sarpedon_1.dbr: stripped Lyia green residue (buffSelf2SkillName=heartofoak.dbr, healSkillName=regrowth_lyia.dbr, deathEffect=343_natureswrath_low_fx.dbr)
    sarpedon_1.dbr: aligned identity (alertSound<-minotauralertpak.dbr, criticalHitSound<-minotaurcrithitpak.dbr, deathSound1<-minotaurolympusdeathpak.dbr, distressCallGroup<-STRIP(Maenad), rallySound<-STRIP(maenadrallypak.dbr), rallySoundChance<-0.0, rampageSound<-STRIP(maenadrampagepak.dbr), rampageSoundChance<-0.0, rampageSoundDelay<-0.0, stunSound<-minotaurstunpak.dbr, voxSound<-minotaurvoxpak.dbr, voxSoundChance<-65.0)
    sarpedon_2.dbr: stripped 28 foreign .anm overrides (source anm table now drives the body)
    sarpedon_2.dbr: stripped Lyia green residue (buffSelf2SkillName=heartofoak.dbr, healSkillName=regrowth_lyia.dbr, deathEffect=343_natureswrath_low_fx.dbr)
    sarpedon_2.dbr: aligned identity (alertSound<-minotauralertpak.dbr, criticalHitSound<-minotaurcrithitpak.dbr, deathSound1<-minotaurolympusdeathpak.dbr, distressCallGroup<-STRIP(Maenad), rallySound<-STRIP(maenadrallypak.dbr), rallySoundChance<-0.0, rampageSound<-STRIP(maenadrampagepak.dbr), rampageSoundChance<-0.0, rampageSoundDelay<-0.0, stunSound<-minotaurstunpak.dbr, voxSound<-minotaurvoxpak.dbr, voxSoundChance<-65.0)
    sarpedon_3.dbr: stripped 28 foreign .anm overrides (source anm table now drives the body)
    sarpedon_3.dbr: stripped Lyia green residue (buffSelf2SkillName=heartofoak.dbr, healSkillName=regrowth_lyia.dbr, deathEffect=343_natureswrath_low_fx.dbr)
    sarpedon_3.dbr: aligned identity (alertSound<-minotauralertpak.dbr, criticalHitSound<-minotaurcrithitpak.dbr, deathSound1<-minotaurolympusdeathpak.dbr, distressCallGroup<-STRIP(Maenad), rallySound<-STRIP(maenadrallypak.dbr), rallySoundChance<-0.0, rampageSound<-STRIP(maenadrampagepak.dbr), rampageSoundChance<-0.0, rampageSoundDelay<-0.0, stunSound<-minotaurstunpak.dbr, voxSound<-minotaurvoxpak.dbr, voxSoundChance<-65.0)
  G4 D20 War-King Sarpedon: 3 pets from um_sarpedon_41.dbr (charLevel [41, 58, 71], loadout 2 slot(s)) + summon skill; souls rewired 1/2/3
  G4 D21 Long Nu the Flame Mother NOTE: soul records\item\equipmentring\soul\sepulchralwyrm\palai_soul_n.dbr had a proc records\skills\soulskills\palai_bigbolt.dbr - DISPLACED by the summon per Will naming this soul
  G4 D21 Long Nu the Flame Mother NOTE: soul records\item\equipmentring\soul\sepulchralwyrm\palai_soul_e.dbr had a proc records\skills\soulskills\palai_bigbolt.dbr - DISPLACED by the summon per Will naming this soul
  G4 D21 Long Nu the Flame Mother NOTE: soul records\item\equipmentring\soul\sepulchralwyrm\palai_soul_l.dbr had a proc records\skills\soulskills\palai_bigbolt.dbr - DISPLACED by the summon per Will naming this soul
    longnu_1.dbr: stripped 28 foreign .anm overrides (source anm table now drives the body)
    longnu_1.dbr: stripped Lyia green residue (buffSelfSkillName=envenomweapon.dbr, buffSelf2SkillName=heartofoak.dbr, healSkillName=regrowth_lyia.dbr, deathEffect=343_natureswrath_low_fx.dbr)
    longnu_1.dbr: aligned identity (alertSound<-dragonlichalertpak.dbr, alertSoundChance<-80.0, characterRacialProfile<-Demon, criticalHitSound<-dragonlichcgscreampak.dbr, deathSound1<-dragonlichdeathpak.dbr, distressCallGroup<-Skeleton, rallySound<-STRIP(maenadrallypak.dbr), rallySoundChance<-25.0, rampageSound<-STRIP(maenadrampagepak.dbr), rampageSoundChance<-30.0, rampageSoundDelay<-1.0, stunSound<-dragonlichcggruntpak.dbr, voxSound<-dragonlichvoxshortpak.dbr, voxSoundChance<-25.0)
    longnu_2.dbr: stripped 28 foreign .anm overrides (source anm table now drives the body)
    longnu_2.dbr: stripped Lyia green residue (buffSelfSkillName=envenomweapon.dbr, buffSelf2SkillName=heartofoak.dbr, healSkillName=regrowth_lyia.dbr, deathEffect=343_natureswrath_low_fx.dbr)
    longnu_2.dbr: aligned identity (alertSound<-dragonlichalertpak.dbr, alertSoundChance<-80.0, characterRacialProfile<-Demon, criticalHitSound<-dragonlichcgscreampak.dbr, deathSound1<-dragonlichdeathpak.dbr, distressCallGroup<-Skeleton, rallySound<-STRIP(maenadrallypak.dbr), rallySoundChance<-25.0, rampageSound<-STRIP(maenadrampagepak.dbr), rampageSoundChance<-30.0, rampageSoundDelay<-1.0, stunSound<-dragonlichcggruntpak.dbr, voxSound<-dragonlichvoxshortpak.dbr, voxSoundChance<-25.0)
    longnu_3.dbr: stripped 28 foreign .anm overrides (source anm table now drives the body)
    longnu_3.dbr: stripped Lyia green residue (buffSelfSkillName=envenomweapon.dbr, buffSelf2SkillName=heartofoak.dbr, healSkillName=regrowth_lyia.dbr, deathEffect=343_natureswrath_low_fx.dbr)
    longnu_3.dbr: aligned identity (alertSound<-dragonlichalertpak.dbr, alertSoundChance<-80.0, characterRacialProfile<-Demon, criticalHitSound<-dragonlichcgscreampak.dbr, deathSound1<-dragonlichdeathpak.dbr, distressCallGroup<-Skeleton, rallySound<-STRIP(maenadrallypak.dbr), rallySoundChance<-25.0, rampageSound<-STRIP(maenadrampagepak.dbr), rampageSoundChance<-30.0, rampageSoundDelay<-1.0, stunSound<-dragonlichcggruntpak.dbr, voxSound<-dragonlichvoxshortpak.dbr, voxSoundChance<-25.0)
    manual-cast: stripped inherited itemSkillAutoController from palai_soul_n.dbr (summon = pet button)
    manual-cast: stripped inherited itemSkillAutoController from palai_soul_e.dbr (summon = pet button)
    manual-cast: stripped inherited itemSkillAutoController from palai_soul_l.dbr (summon = pet button)
  G4 D21 Long Nu the Flame Mother: 3 pets from um_palai_47.dbr (charLevel [47, 63, 78], loadout 0 slot(s)) + summon skill; souls rewired 1/2/3
  G4 D22 Meritamen the Shadowcaller NOTE: soul records\item\equipmentring\soul\human\phagia_soul_n.dbr had a proc records\skills\soulskills\summon_phagia.dbr - DISPLACED by the summon per Will naming this soul
  G4 D22 Meritamen the Shadowcaller NOTE: soul records\item\equipmentring\soul\human\phagia_soul_e.dbr had a proc records\skills\soulskills\summon_phagia.dbr - DISPLACED by the summon per Will naming this soul
  G4 D22 Meritamen the Shadowcaller NOTE: soul records\item\equipmentring\soul\human\phagia_soul_l.dbr had a proc records\skills\soulskills\summon_phagia.dbr - DISPLACED by the summon per Will naming this soul
    meritamen_1.dbr: stripped Lyia green residue (buffSelf2SkillName=heartofoak.dbr, healSkillName=regrowth_lyia.dbr, deathEffect=343_natureswrath_low_fx.dbr, attackSkillName=maenadsummon_attack_default.dbr, baseTexture=maenad_lyia.tex)
    meritamen_1.dbr: aligned identity (alertSound<-sandspirit_alertpak.dbr, alertSoundChance<-100.0, characterRacialProfile<-Magical, criticalHitSound<-STRIP(maenadcrithitpak.dbr), deathSound1<-phagia_death.dbr, rallySound<-STRIP(maenadrallypak.dbr), rampageSound<-STRIP(maenadrampagepak.dbr), stunSound<-sandspirit_stunpak.dbr, voxSound<-sandspirit_voxpak.dbr)
    meritamen_2.dbr: stripped Lyia green residue (buffSelf2SkillName=heartofoak.dbr, healSkillName=regrowth_lyia.dbr, deathEffect=343_natureswrath_low_fx.dbr, attackSkillName=maenadsummon_attack_default.dbr, baseTexture=maenad_lyia.tex)
    meritamen_2.dbr: aligned identity (alertSound<-sandspirit_alertpak.dbr, alertSoundChance<-100.0, characterRacialProfile<-Magical, criticalHitSound<-STRIP(maenadcrithitpak.dbr), deathSound1<-phagia_death.dbr, rallySound<-STRIP(maenadrallypak.dbr), rampageSound<-STRIP(maenadrampagepak.dbr), stunSound<-sandspirit_stunpak.dbr, voxSound<-sandspirit_voxpak.dbr)
    meritamen_3.dbr: stripped Lyia green residue (buffSelf2SkillName=heartofoak.dbr, healSkillName=regrowth_lyia.dbr, deathEffect=343_natureswrath_low_fx.dbr, attackSkillName=maenadsummon_attack_default.dbr, baseTexture=maenad_lyia.tex)
    meritamen_3.dbr: aligned identity (alertSound<-sandspirit_alertpak.dbr, alertSoundChance<-100.0, characterRacialProfile<-Magical, criticalHitSound<-STRIP(maenadcrithitpak.dbr), deathSound1<-phagia_death.dbr, rallySound<-STRIP(maenadrallypak.dbr), rampageSound<-STRIP(maenadrampagepak.dbr), stunSound<-sandspirit_stunpak.dbr, voxSound<-sandspirit_voxpak.dbr)
  G4 D22 Meritamen the Shadowcaller: 3 pets from us_meritamen_34.dbr (charLevel [34, 55, 70], loadout 4 slot(s)) + summon skill; souls rewired 1/2/3

=== GROUP C: Vashkarr, Eldest of the Ancients ===
  Vashkarr proxy + pool: 1 boss + 2 dragonian champions (spawn=3/champMin=Max=2/champChance=100); chanceToRun=100
  Vashkarr: boss + fodder + 2 champion escorts + horde summon (burst 3/~6s) + stat-only soul (66% Finger2); tags set

=== GROUP G: Wyrm Hordes + Sepulchral Scale ===
  Wyrm Hordes: common wyrm + 3 pools (4/8, 6/12, 8/16; tier03 champ 100/4/6) + no-cap limit; 6 wyrmsprite proxies repointed; Sepulchral Scale charm x3 (lvlReq 30/44/56) @ 7% on 4 champion worms (lootMisc4)

=== build36 A3: Sanguine Tithe (Sileni blood relic) ===
  A3 Sanguine Tithe: 3 jewelry charms (life leech + vitality + %-current-life bleed, guaranteed 5/5 leech) + 3 bonus tables (w1500) + 3 loot tables; wired 9/9 Sileni lootMisc4 @ 7.0%; Sileni -> green

=== BROODMOTHER NEST: apex wyrm set-piece ===
    broodmother_wyrmling_1.dbr: stripped 28 foreign .anm overrides (source anm table now drives the body)
    broodmother_wyrmling_1.dbr: stripped Lyia green residue (buffSelfSkillName=envenomweapon.dbr, buffSelf2SkillName=heartofoak.dbr, healSkillName=regrowth_lyia.dbr, deathEffect=343_natureswrath_low_fx.dbr, baseTexture=maenad_lyia.tex)
    broodmother_wyrmling_1.dbr: aligned identity (alertSound<-dragonlichalertpak.dbr, alertSoundChance<-80.0, characterRacialProfile<-Demon, criticalHitSound<-dragonlichcgscreampak.dbr, deathSound1<-dragonlichdeathpak.dbr, distressCallGroup<-Skeleton, rallySound<-STRIP(maenadrallypak.dbr), rallySoundChance<-25.0, rampageSound<-STRIP(maenadrampagepak.dbr), rampageSoundChance<-30.0, rampageSoundDelay<-1.0, stunSound<-dragonlichcggruntpak.dbr, voxSound<-dragonlichvoxshortpak.dbr, voxSoundChance<-25.0)
    broodmother_wyrmling_2.dbr: stripped 28 foreign .anm overrides (source anm table now drives the body)
    broodmother_wyrmling_2.dbr: stripped Lyia green residue (buffSelfSkillName=envenomweapon.dbr, buffSelf2SkillName=heartofoak.dbr, healSkillName=regrowth_lyia.dbr, deathEffect=343_natureswrath_low_fx.dbr, baseTexture=maenad_lyia.tex)
    broodmother_wyrmling_2.dbr: aligned identity (alertSound<-dragonlichalertpak.dbr, alertSoundChance<-80.0, characterRacialProfile<-Demon, criticalHitSound<-dragonlichcgscreampak.dbr, deathSound1<-dragonlichdeathpak.dbr, distressCallGroup<-Skeleton, rallySound<-STRIP(maenadrallypak.dbr), rallySoundChance<-25.0, rampageSound<-STRIP(maenadrampagepak.dbr), rampageSoundChance<-30.0, rampageSoundDelay<-1.0, stunSound<-dragonlichcggruntpak.dbr, voxSound<-dragonlichvoxshortpak.dbr, voxSoundChance<-25.0)
    broodmother_wyrmling_3.dbr: stripped 28 foreign .anm overrides (source anm table now drives the body)
    broodmother_wyrmling_3.dbr: stripped Lyia green residue (buffSelfSkillName=envenomweapon.dbr, buffSelf2SkillName=heartofoak.dbr, healSkillName=regrowth_lyia.dbr, deathEffect=343_natureswrath_low_fx.dbr, baseTexture=maenad_lyia.tex)
    broodmother_wyrmling_3.dbr: aligned identity (alertSound<-dragonlichalertpak.dbr, alertSoundChance<-80.0, characterRacialProfile<-Demon, criticalHitSound<-dragonlichcgscreampak.dbr, deathSound1<-dragonlichdeathpak.dbr, distressCallGroup<-Skeleton, rallySound<-STRIP(maenadrallypak.dbr), rallySoundChance<-25.0, rampageSound<-STRIP(maenadrampagepak.dbr), rampageSoundChance<-30.0, rampageSoundDelay<-1.0, stunSound<-dragonlichcggruntpak.dbr, voxSound<-dragonlichvoxshortpak.dbr, voxSoundChance<-25.0)
    broodmother_1.dbr: stripped 28 foreign .anm overrides (source anm table now drives the body)
    broodmother_1.dbr: stripped Lyia green residue (buffSelfSkillName=envenomweapon.dbr, buffSelf2SkillName=heartofoak.dbr, healSkillName=regrowth_lyia.dbr, deathEffect=343_natureswrath_low_fx.dbr, attackSkillName=maenadsummon_attack_default.dbr)
    broodmother_1.dbr: aligned identity (alertSound<-dragonlichalertpak.dbr, alertSoundChance<-80.0, characterRacialProfile<-Demon, criticalHitSound<-dragonlichcgscreampak.dbr, deathSound1<-dragonlichdeathpak.dbr, distressCallGroup<-Skeleton, rallySound<-STRIP(maenadrallypak.dbr), rallySoundChance<-25.0, rampageSound<-STRIP(maenadrampagepak.dbr), rampageSoundChance<-30.0, rampageSoundDelay<-1.0, stunSound<-dragonlichcggruntpak.dbr, voxSound<-dragonlichvoxshortpak.dbr, voxSoundChance<-25.0)
    broodmother_2.dbr: stripped 28 foreign .anm overrides (source anm table now drives the body)
    broodmother_2.dbr: stripped Lyia green residue (buffSelfSkillName=envenomweapon.dbr, buffSelf2SkillName=heartofoak.dbr, healSkillName=regrowth_lyia.dbr, deathEffect=343_natureswrath_low_fx.dbr, attackSkillName=maenadsummon_attack_default.dbr)
    broodmother_2.dbr: aligned identity (alertSound<-dragonlichalertpak.dbr, alertSoundChance<-80.0, characterRacialProfile<-Demon, criticalHitSound<-dragonlichcgscreampak.dbr, deathSound1<-dragonlichdeathpak.dbr, distressCallGroup<-Skeleton, rallySound<-STRIP(maenadrallypak.dbr), rallySoundChance<-25.0, rampageSound<-STRIP(maenadrampagepak.dbr), rampageSoundChance<-30.0, rampageSoundDelay<-1.0, stunSound<-dragonlichcggruntpak.dbr, voxSound<-dragonlichvoxshortpak.dbr, voxSoundChance<-25.0)
    broodmother_3.dbr: stripped 28 foreign .anm overrides (source anm table now drives the body)
    broodmother_3.dbr: stripped Lyia green residue (buffSelfSkillName=envenomweapon.dbr, buffSelf2SkillName=heartofoak.dbr, healSkillName=regrowth_lyia.dbr, deathEffect=343_natureswrath_low_fx.dbr, attackSkillName=maenadsummon_attack_default.dbr)
    broodmother_3.dbr: aligned identity (alertSound<-dragonlichalertpak.dbr, alertSoundChance<-80.0, characterRacialProfile<-Demon, criticalHitSound<-dragonlichcgscreampak.dbr, deathSound1<-dragonlichdeathpak.dbr, distressCallGroup<-Skeleton, rallySound<-STRIP(maenadrallypak.dbr), rallySoundChance<-25.0, rampageSound<-STRIP(maenadrampagepak.dbr), rampageSoundChance<-30.0, rampageSoundDelay<-1.0, stunSound<-dragonlichcggruntpak.dbr, voxSound<-dragonlichvoxshortpak.dbr, voxSoundChance<-25.0)
  Broodmother Nest: mother boss (Eater-of-Days rig, band [40,58,74], HP [22k,30k,40k], cold wall) + uncapped brood-summon (burst 4/cd 5/petLimit 24) + egg hatch pool (3-6 common) + no-cap limit + lone pool (1 mother + 2 escorts) + 1 lone proxy + 6 egg proxies + friendly wyrmling pet-of-pet + manual Broodmother Soul (66% Finger2, cold augments, defensiveFreeze) + guaranteed tier-03 Sepulchral Scale (Misc3@100) + TESTHUB yard; tags set

=== RUNE GOLEM: Runemaster construct pet (SVAERA graft) ===
  Rune Golem: registered Skill23 in the Runemaster panel (xpack2 + xpack3 mastery-10 panectrl overrides, +1 button each, additive)
  Rune Golem: 36 records (summon + 20-tier pet ladder + 7 pet-skills + 6 passives + AI controller + UI slot23); render closure in assets/runegolem/_DRX_Meshes.arc + _DRX_Textures.arc; menhir prereq -> vanilla, cosmetic FX/sounds -> base; 6 tags

=== GROUP F: Obsidian Halls Treasure Roulette ===
    voranthys_1.dbr: stripped 28 foreign .anm overrides (source anm table now drives the body)
    voranthys_1.dbr: stripped Lyia green residue (buffSelfSkillName=envenomweapon.dbr, buffSelf2SkillName=heartofoak.dbr, healSkillName=regrowth_lyia.dbr, deathEffect=343_natureswrath_low_fx.dbr, baseTexture=maenad_lyia.tex)
    voranthys_1.dbr: aligned identity (alertSound<-dragonlichalertpak.dbr, alertSoundChance<-80.0, characterRacialProfile<-Demon, criticalHitSound<-dragonlichcgscreampak.dbr, deathSound1<-dragonlichdeathpak.dbr, distressCallGroup<-Skeleton, rallySound<-STRIP(maenadrallypak.dbr), rallySoundChance<-25.0, rampageSound<-STRIP(maenadrampagepak.dbr), rampageSoundChance<-30.0, rampageSoundDelay<-1.0, stunSound<-dragonlichcggruntpak.dbr, voxSound<-dragonlichvoxshortpak.dbr, voxSoundChance<-25.0)
    voranthys_2.dbr: stripped 28 foreign .anm overrides (source anm table now drives the body)
    voranthys_2.dbr: stripped Lyia green residue (buffSelfSkillName=envenomweapon.dbr, buffSelf2SkillName=heartofoak.dbr, healSkillName=regrowth_lyia.dbr, deathEffect=343_natureswrath_low_fx.dbr, baseTexture=maenad_lyia.tex)
    voranthys_2.dbr: aligned identity (alertSound<-dragonlichalertpak.dbr, alertSoundChance<-80.0, characterRacialProfile<-Demon, criticalHitSound<-dragonlichcgscreampak.dbr, deathSound1<-dragonlichdeathpak.dbr, distressCallGroup<-Skeleton, rallySound<-STRIP(maenadrallypak.dbr), rallySoundChance<-25.0, rampageSound<-STRIP(maenadrampagepak.dbr), rampageSoundChance<-30.0, rampageSoundDelay<-1.0, stunSound<-dragonlichcggruntpak.dbr, voxSound<-dragonlichvoxshortpak.dbr, voxSoundChance<-25.0)
    voranthys_3.dbr: stripped 28 foreign .anm overrides (source anm table now drives the body)
    voranthys_3.dbr: stripped Lyia green residue (buffSelfSkillName=envenomweapon.dbr, buffSelf2SkillName=heartofoak.dbr, healSkillName=regrowth_lyia.dbr, deathEffect=343_natureswrath_low_fx.dbr, baseTexture=maenad_lyia.tex)
    voranthys_3.dbr: aligned identity (alertSound<-dragonlichalertpak.dbr, alertSoundChance<-80.0, characterRacialProfile<-Demon, criticalHitSound<-dragonlichcgscreampak.dbr, deathSound1<-dragonlichdeathpak.dbr, distressCallGroup<-Skeleton, rallySound<-STRIP(maenadrallypak.dbr), rallySoundChance<-25.0, rampageSound<-STRIP(maenadrampagepak.dbr), rampageSoundChance<-30.0, rampageSoundDelay<-1.0, stunSound<-dragonlichcggruntpak.dbr, voxSound<-dragonlichvoxshortpak.dbr, voxSoundChance<-25.0)
  OBSIDIAN B1.3: permean+bonehallow -> soul-less Champion escorts (warband no longer floods souls; fixes roulette + yard)
  Obsidian Roulette: 4 guardians (Sarkoth/Gorrahk/Voranthys/Ilsevar) + warband pool (6/champ5) + no-cap limit + 4 corner proxies (chanceToRun=25) + 3 Boss-locked hoard chests + 3 accessory pools + 4 souls (Voranthys summons; Sarkoth/Gorrahk manual; Ilsevar proc); tags set

=== build36 A5: Propontis Super Boss (Dorus, the Drowned King) ===
  A5 Propontis: Kroisos the Coin-Drowned [b47 rename] (Boss [41,57,71] HP 13.5/18.5/24k, royalty rig, ThunderClap/ball + raise-court summon burst3/petLimit20) + Common courtier fodder + Champion royal-guard escort + lone pool/proxy (1 king + 2 escorts) + Boss-locked hoard (Obsidian-chest reuse) + dense stat soul (66% Finger2) + TESTHUB yard; tags set. Map lane places it.

=== build36 C1: Tantalus, the Insatiable ===
    tantalus_shade_1.dbr: stripped 30 foreign .anm overrides (source anm table now drives the body)
    tantalus_shade_1.dbr: stripped Lyia green residue (buffSelfSkillName=envenomweapon.dbr, buffSelf2SkillName=heartofoak.dbr, healSkillName=regrowth_lyia.dbr, deathEffect=343_natureswrath_low_fx.dbr, attackSkillName=maenadsummon_attack_default.dbr, baseTexture=maenad_lyia.tex)
    tantalus_shade_1.dbr: aligned identity (alertSound<-wraithalertpak.dbr, alertSoundChance<-40.0, characterRacialProfile<-Undead, criticalHitSound<-STRIP(maenadcrithitpak.dbr), deathSound1<-wraithdeathpak.dbr, distressCallGroup<-Skeleton, rallySound<-STRIP(maenadrallypak.dbr), rallySoundChance<-0.0, rampageSound<-STRIP(maenadrampagepak.dbr), rampageSoundChance<-0.0, rampageSoundDelay<-0.0, stunSound<-wraithstunpak.dbr, voxSound<-wraithvoxpak.dbr, voxSoundChance<-35.0)
    tantalus_shade_2.dbr: stripped 30 foreign .anm overrides (source anm table now drives the body)
    tantalus_shade_2.dbr: stripped Lyia green residue (buffSelfSkillName=envenomweapon.dbr, buffSelf2SkillName=heartofoak.dbr, healSkillName=regrowth_lyia.dbr, deathEffect=343_natureswrath_low_fx.dbr, attackSkillName=maenadsummon_attack_default.dbr, baseTexture=maenad_lyia.tex)
    tantalus_shade_2.dbr: aligned identity (alertSound<-wraithalertpak.dbr, alertSoundChance<-40.0, characterRacialProfile<-Undead, criticalHitSound<-STRIP(maenadcrithitpak.dbr), deathSound1<-wraithdeathpak.dbr, distressCallGroup<-Skeleton, rallySound<-STRIP(maenadrallypak.dbr), rallySoundChance<-0.0, rampageSound<-STRIP(maenadrampagepak.dbr), rampageSoundChance<-0.0, rampageSoundDelay<-0.0, stunSound<-wraithstunpak.dbr, voxSound<-wraithvoxpak.dbr, voxSoundChance<-35.0)
    tantalus_shade_3.dbr: stripped 30 foreign .anm overrides (source anm table now drives the body)
    tantalus_shade_3.dbr: stripped Lyia green residue (buffSelfSkillName=envenomweapon.dbr, buffSelf2SkillName=heartofoak.dbr, healSkillName=regrowth_lyia.dbr, deathEffect=343_natureswrath_low_fx.dbr, attackSkillName=maenadsummon_attack_default.dbr, baseTexture=maenad_lyia.tex)
    tantalus_shade_3.dbr: aligned identity (alertSound<-wraithalertpak.dbr, alertSoundChance<-40.0, characterRacialProfile<-Undead, criticalHitSound<-STRIP(maenadcrithitpak.dbr), deathSound1<-wraithdeathpak.dbr, distressCallGroup<-Skeleton, rallySound<-STRIP(maenadrallypak.dbr), rallySoundChance<-0.0, rampageSound<-STRIP(maenadrampagepak.dbr), rampageSoundChance<-0.0, rampageSoundDelay<-0.0, stunSound<-wraithstunpak.dbr, voxSound<-wraithvoxpak.dbr, voxSoundChance<-35.0)
  C1 Tantalus: 2 forms (Insatiable [15/20/27k] -> Hunger Unbound [9/12/16k] via actorToSpawnOnDeath, WraithLord FX, poison shroud, widened decay ring, shade-wave summon) + 2 escorts + pool/proxy/limit + dedicated hoard + S2 summon soul (form2, 66% Finger2) + yard; tags set.

=== build36 C2: Charon, the Unferried (Golden Bough) ===
    charon_oarsman_1.dbr: stripped 51 foreign .anm overrides (source anm table now drives the body)
    charon_oarsman_1.dbr: stripped Lyia green residue (buffSelfSkillName=envenomweapon.dbr, buffSelf2SkillName=heartofoak.dbr, healSkillName=regrowth_lyia.dbr, deathEffect=343_natureswrath_low_fx.dbr, attackSkillName=maenadsummon_attack_default.dbr, baseTexture=maenad_lyia.tex)
    charon_oarsman_1.dbr: aligned identity (alertSound<-ghostalertpak.dbr, alertSoundChance<-50.0, characterRacialProfile<-Undead, criticalHitSound<-STRIP(maenadcrithitpak.dbr), deathSound1<-ghostdeathpak.dbr, distressCallGroup<-STRIP(Maenad), rallySound<-STRIP(maenadrallypak.dbr), rallySoundChance<-0.0, rampageSound<-STRIP(maenadrampagepak.dbr), rampageSoundChance<-0.0, rampageSoundDelay<-0.0, stunSound<-STRIP(maenadstunpak.dbr), voxSound<-ghostvoxpak.dbr, voxSoundChance<-25.0)
    charon_oarsman_2.dbr: stripped 51 foreign .anm overrides (source anm table now drives the body)
    charon_oarsman_2.dbr: stripped Lyia green residue (buffSelfSkillName=envenomweapon.dbr, buffSelf2SkillName=heartofoak.dbr, healSkillName=regrowth_lyia.dbr, deathEffect=343_natureswrath_low_fx.dbr, attackSkillName=maenadsummon_attack_default.dbr, baseTexture=maenad_lyia.tex)
    charon_oarsman_2.dbr: aligned identity (alertSound<-ghostalertpak.dbr, alertSoundChance<-50.0, characterRacialProfile<-Undead, criticalHitSound<-STRIP(maenadcrithitpak.dbr), deathSound1<-ghostdeathpak.dbr, distressCallGroup<-STRIP(Maenad), rallySound<-STRIP(maenadrallypak.dbr), rallySoundChance<-0.0, rampageSound<-STRIP(maenadrampagepak.dbr), rampageSoundChance<-0.0, rampageSoundDelay<-0.0, stunSound<-STRIP(maenadstunpak.dbr), voxSound<-ghostvoxpak.dbr, voxSoundChance<-25.0)
    charon_oarsman_3.dbr: stripped 51 foreign .anm overrides (source anm table now drives the body)
    charon_oarsman_3.dbr: stripped Lyia green residue (buffSelfSkillName=envenomweapon.dbr, buffSelf2SkillName=heartofoak.dbr, healSkillName=regrowth_lyia.dbr, deathEffect=343_natureswrath_low_fx.dbr, attackSkillName=maenadsummon_attack_default.dbr, baseTexture=maenad_lyia.tex)
    charon_oarsman_3.dbr: aligned identity (alertSound<-ghostalertpak.dbr, alertSoundChance<-50.0, characterRacialProfile<-Undead, criticalHitSound<-STRIP(maenadcrithitpak.dbr), deathSound1<-ghostdeathpak.dbr, distressCallGroup<-STRIP(Maenad), rallySound<-STRIP(maenadrallypak.dbr), rallySoundChance<-0.0, rampageSound<-STRIP(maenadrampagepak.dbr), rampageSoundChance<-0.0, rampageSoundDelay<-0.0, stunSound<-STRIP(maenadstunpak.dbr), voxSound<-ghostvoxpak.dbr, voxSoundChance<-25.0)
  C2 Charon: 2-phase (Unferried [22/28/34k] -> risen giant [24/30/36k] Charon02, deathchill shroud, form-2 final-kill burst) + 2 oarsman escorts + pool/proxy/limit + dedicated hoard + THE GOLDEN BOUGH amulet (guaranteed) + S2 ONE-SUMMON soul (raise a drowned oarsman, CharonGhost rig, manual-cast, form2, 'ferryman' in _SUMMON_IDENTITY_ALLOW) + yard; tags set.

=== build36 C3: the Mnemophage (Pools of Mnemosyne) ===
    mnemophage_phantasm_1.dbr: stripped 59 foreign .anm overrides (source anm table now drives the body)
    mnemophage_phantasm_1.dbr: stripped Lyia green residue (buffSelfSkillName=envenomweapon.dbr, buffSelf2SkillName=heartofoak.dbr, healSkillName=regrowth_lyia.dbr, deathEffect=343_natureswrath_low_fx.dbr, attackSkillName=maenadsummon_attack_default.dbr)
    mnemophage_phantasm_1.dbr: aligned identity (alertSound<-epiales_alert.dbr, alertSoundChance<-30.0, characterRacialProfile<-Demon, criticalHitSound<-STRIP(maenadcrithitpak.dbr), deathSound1<-epiales_death.dbr, distressCallGroup<-Sprite, rallySound<-STRIP(maenadrallypak.dbr), rallySoundChance<-0.0, rampageSound<-STRIP(maenadrampagepak.dbr), rampageSoundChance<-0.0, rampageSoundDelay<-0.0, stunSound<-epiales_stun.dbr, voxSound<-epiales_vox.dbr, voxSoundChance<-40.0)
    mnemophage_phantasm_2.dbr: stripped 59 foreign .anm overrides (source anm table now drives the body)
    mnemophage_phantasm_2.dbr: stripped Lyia green residue (buffSelfSkillName=envenomweapon.dbr, buffSelf2SkillName=heartofoak.dbr, healSkillName=regrowth_lyia.dbr, deathEffect=343_natureswrath_low_fx.dbr, attackSkillName=maenadsummon_attack_default.dbr)
    mnemophage_phantasm_2.dbr: aligned identity (alertSound<-epiales_alert.dbr, alertSoundChance<-30.0, characterRacialProfile<-Demon, criticalHitSound<-STRIP(maenadcrithitpak.dbr), deathSound1<-epiales_death.dbr, distressCallGroup<-Sprite, rallySound<-STRIP(maenadrallypak.dbr), rallySoundChance<-0.0, rampageSound<-STRIP(maenadrampagepak.dbr), rampageSoundChance<-0.0, rampageSoundDelay<-0.0, stunSound<-epiales_stun.dbr, voxSound<-epiales_vox.dbr, voxSoundChance<-40.0)
    mnemophage_phantasm_3.dbr: stripped 59 foreign .anm overrides (source anm table now drives the body)
    mnemophage_phantasm_3.dbr: stripped Lyia green residue (buffSelfSkillName=envenomweapon.dbr, buffSelf2SkillName=heartofoak.dbr, healSkillName=regrowth_lyia.dbr, deathEffect=343_natureswrath_low_fx.dbr, attackSkillName=maenadsummon_attack_default.dbr)
    mnemophage_phantasm_3.dbr: aligned identity (alertSound<-epiales_alert.dbr, alertSoundChance<-30.0, characterRacialProfile<-Demon, criticalHitSound<-STRIP(maenadcrithitpak.dbr), deathSound1<-epiales_death.dbr, distressCallGroup<-Sprite, rallySound<-STRIP(maenadrallypak.dbr), rallySoundChance<-0.0, rampageSound<-STRIP(maenadrampagepak.dbr), rampageSoundChance<-0.0, rampageSoundDelay<-0.0, stunSound<-epiales_stun.dbr, voxSound<-epiales_vox.dbr, voxSoundChance<-40.0)
  C3 Mnemophage: 2-phase shell (overmind.tex, scale 2.5, [14/19/25k], 16-slot keep/add kit + energy-drain + void-nova) -> core 'the Unremembered' (voidlash, [7/9.5/12.5k]) + mindshroud + 2 nightmare escorts + pool/proxy/limit + Lethe's Draught amulet + S2 phantasm soul (shell, 66% Finger2) + yard; tags set.

=== build36 C4: Ephialtes, the Waking Dread (Dread Halls) ===
  C4 Ephialtes: single-form [58,78,97]/[15/20/27k], epiales_overlord skin, scale 2.7 (b42 BIGGER), Dread Shroud, HIS Dread Nova (b42: real AOE life+phys ring @50% special, lvl [12/16/20], special-anim cleared -> castable) + fear spine (ixion_cry + Vision of Death) + takedown chase + death nova + pool/proxy/limit + 3 world majestic chests (no boss-carried chest) + Mask of the Waking Dread + S1 fear-nova soul + yard; tags set.

=== build36 C5: Ereban Heartstone relic ===
  C5 Ereban Heartstone: 3 charms (erebancrystal-clone, 6 donor ladders zeroed, weapon+shield, physical+strength+armor + petrify(chance/min/MAX + defensivePetrify capstone, FLOAT)@5/5) + 3 bonus tables (w1500) + 3 loot tables; wired em_brute_43/45 lootMisc4 @ 10%%.

=== build36 C6: Dorus hold-and-drown amendments ===
  C6 Dorus: hold-and-drown re-theme (coral tsunami + rottengrasp root + Dread-Pall aura + slow-decay-poison touch; anim-blanked casts) + themed soul grant (ichthian tidal strike + fear + run-speed downside).

=== build36 C7: monster uplift picks ===
  C7 Vashkarr: dragonfire breath + terrifying roar + 16-jet firenova death + soul reflect/fear signature.
  C7 Sepulchral Wyrm cold tide: 4 frost champions (freezing breath + shatter-on-death frostnova) repointed into svc_wyrmhorde_03.
  C7 Broodmother death crescendo: ondeath frostnova + last-brood spawn.
    kravmoloch_warden_1.dbr: stripped 48 foreign .anm overrides (source anm table now drives the body)
    kravmoloch_warden_1.dbr: stripped Lyia green residue (buffSelfSkillName=envenomweapon.dbr, buffSelf2SkillName=heartofoak.dbr, healSkillName=regrowth_lyia.dbr, deathEffect=343_natureswrath_low_fx.dbr, attackSkillName=maenadsummon_attack_default.dbr, baseTexture=maenad_lyia.tex)
    kravmoloch_warden_1.dbr: aligned identity (alertSound<-skeletonalertpak.dbr, alertSoundChance<-30.0, characterRacialProfile<-Undead, criticalHitSound<-skeletoncrithitpak.dbr, deathSound1<-skeletondeathpak.dbr, distressCallGroup<-Skeleton, rallySound<-STRIP(maenadrallypak.dbr), rallySoundChance<-0.0, rampageSound<-STRIP(maenadrampagepak.dbr), rampageSoundChance<-0.0, rampageSoundDelay<-0.0, stunSound<-skeletonstunpak.dbr, voxSound<-skeletonvoxpax.dbr)
    kravmoloch_warden_2.dbr: stripped 48 foreign .anm overrides (source anm table now drives the body)
    kravmoloch_warden_2.dbr: stripped Lyia green residue (buffSelfSkillName=envenomweapon.dbr, buffSelf2SkillName=heartofoak.dbr, healSkillName=regrowth_lyia.dbr, deathEffect=343_natureswrath_low_fx.dbr, attackSkillName=maenadsummon_attack_default.dbr, baseTexture=maenad_lyia.tex)
    kravmoloch_warden_2.dbr: aligned identity (alertSound<-skeletonalertpak.dbr, alertSoundChance<-30.0, characterRacialProfile<-Undead, criticalHitSound<-skeletoncrithitpak.dbr, deathSound1<-skeletondeathpak.dbr, distressCallGroup<-Skeleton, rallySound<-STRIP(maenadrallypak.dbr), rallySoundChance<-0.0, rampageSound<-STRIP(maenadrampagepak.dbr), rampageSoundChance<-0.0, rampageSoundDelay<-0.0, stunSound<-skeletonstunpak.dbr, voxSound<-skeletonvoxpax.dbr)
    kravmoloch_warden_3.dbr: stripped 48 foreign .anm overrides (source anm table now drives the body)
    kravmoloch_warden_3.dbr: stripped Lyia green residue (buffSelfSkillName=envenomweapon.dbr, buffSelf2SkillName=heartofoak.dbr, healSkillName=regrowth_lyia.dbr, deathEffect=343_natureswrath_low_fx.dbr, attackSkillName=maenadsummon_attack_default.dbr, baseTexture=maenad_lyia.tex)
    kravmoloch_warden_3.dbr: aligned identity (alertSound<-skeletonalertpak.dbr, alertSoundChance<-30.0, characterRacialProfile<-Undead, criticalHitSound<-skeletoncrithitpak.dbr, deathSound1<-skeletondeathpak.dbr, distressCallGroup<-Skeleton, rallySound<-STRIP(maenadrallypak.dbr), rallySoundChance<-0.0, rampageSound<-STRIP(maenadrampagepak.dbr), rampageSoundChance<-0.0, rampageSoundDelay<-0.0, stunSound<-skeletonstunpak.dbr, voxSound<-skeletonvoxpax.dbr)
  C7 Obsidian Keeper of the Wheel: Kravmoloch jackpot boss [16/22/30k]@L74 (greatest-hits kit + call-the-table summon) + 5th soul (NOW grants a manual-cast Bound-Warden summon, F2/F3-clean); added as name5 @ weight 4 to q_obs_warband.

=== GROUP B: Toxeus the Enslaver of Souls ===
    enslaver_marauder_1.dbr: stripped 8 foreign .anm overrides (source anm table now drives the body)
    enslaver_marauder_1.dbr: stripped Lyia green residue (buffSelfSkillName=envenomweapon.dbr, buffSelf2SkillName=heartofoak.dbr, healSkillName=regrowth_lyia.dbr, deathEffect=343_natureswrath_low_fx.dbr, attackSkillName=maenadsummon_attack_default.dbr, baseTexture=maenad_lyia.tex, skillName8=sylvannymph_petskill_nature'swrath.dbr)
    enslaver_marauder_1.dbr: aligned identity (alertSound<-shadowstalkeralertpak.dbr, characterRacialProfile<-Demon, criticalHitSound<-STRIP(maenadcrithitpak.dbr), deathSound1<-shadowstalkerdeathpak.dbr, distressCallGroup<-Skeleton, rallySound<-STRIP(maenadrallypak.dbr), rallySoundChance<-0.0, rampageSound<-STRIP(maenadrampagepak.dbr), rampageSoundChance<-0.0, rampageSoundDelay<-0.0, stunSound<-shadowstalkerstunpak.dbr, voxSound<-shadowstalkervoxpak.dbr, voxSoundChance<-35.0)
    enslaver_marauder_2.dbr: stripped 8 foreign .anm overrides (source anm table now drives the body)
    enslaver_marauder_2.dbr: stripped Lyia green residue (buffSelfSkillName=envenomweapon.dbr, buffSelf2SkillName=heartofoak.dbr, healSkillName=regrowth_lyia.dbr, deathEffect=343_natureswrath_low_fx.dbr, attackSkillName=maenadsummon_attack_default.dbr, baseTexture=maenad_lyia.tex, skillName8=sylvannymph_petskill_nature'swrath.dbr)
    enslaver_marauder_2.dbr: aligned identity (alertSound<-shadowstalkeralertpak.dbr, characterRacialProfile<-Demon, criticalHitSound<-STRIP(maenadcrithitpak.dbr), deathSound1<-shadowstalkerdeathpak.dbr, distressCallGroup<-Skeleton, rallySound<-STRIP(maenadrallypak.dbr), rallySoundChance<-0.0, rampageSound<-STRIP(maenadrampagepak.dbr), rampageSoundChance<-0.0, rampageSoundDelay<-0.0, stunSound<-shadowstalkerstunpak.dbr, voxSound<-shadowstalkervoxpak.dbr, voxSoundChance<-35.0)
    enslaver_marauder_3.dbr: stripped 8 foreign .anm overrides (source anm table now drives the body)
    enslaver_marauder_3.dbr: stripped Lyia green residue (buffSelfSkillName=envenomweapon.dbr, buffSelf2SkillName=heartofoak.dbr, healSkillName=regrowth_lyia.dbr, deathEffect=343_natureswrath_low_fx.dbr, attackSkillName=maenadsummon_attack_default.dbr, baseTexture=maenad_lyia.tex, skillName8=sylvannymph_petskill_nature'swrath.dbr)
    enslaver_marauder_3.dbr: aligned identity (alertSound<-shadowstalkeralertpak.dbr, characterRacialProfile<-Demon, criticalHitSound<-STRIP(maenadcrithitpak.dbr), deathSound1<-shadowstalkerdeathpak.dbr, distressCallGroup<-Skeleton, rallySound<-STRIP(maenadrallypak.dbr), rallySoundChance<-0.0, rampageSound<-STRIP(maenadrampagepak.dbr), rampageSoundChance<-0.0, rampageSoundDelay<-0.0, stunSound<-shadowstalkerstunpak.dbr, voxSound<-shadowstalkervoxpak.dbr, voxSoundChance<-35.0)
    toxeus_enslaver_1.dbr: stripped 21 foreign .anm overrides (source anm table now drives the body)
    toxeus_enslaver_1.dbr: stripped Lyia green residue (buffSelfSkillName=envenomweapon.dbr, buffSelf2SkillName=heartofoak.dbr, healSkillName=regrowth_lyia.dbr, deathEffect=343_natureswrath_low_fx.dbr)
    toxeus_enslaver_1.dbr: aligned identity (alertSound<-skeletonalertpak.dbr, alertSoundChance<-30.0, characterRacialProfile<-Undead, criticalHitSound<-skeletoncrithitpak.dbr, deathSound1<-skeletondeathpak.dbr, distressCallGroup<-Skeleton, rallySound<-STRIP(maenadrallypak.dbr), rallySoundChance<-0.0, rampageSound<-STRIP(maenadrampagepak.dbr), rampageSoundChance<-0.0, rampageSoundDelay<-0.0, stunSound<-skeletonstunpak.dbr, voxSound<-skeletonvoxpax.dbr)
    toxeus_enslaver_2.dbr: stripped 21 foreign .anm overrides (source anm table now drives the body)
    toxeus_enslaver_2.dbr: stripped Lyia green residue (buffSelfSkillName=envenomweapon.dbr, buffSelf2SkillName=heartofoak.dbr, healSkillName=regrowth_lyia.dbr, deathEffect=343_natureswrath_low_fx.dbr)
    toxeus_enslaver_2.dbr: aligned identity (alertSound<-skeletonalertpak.dbr, alertSoundChance<-30.0, characterRacialProfile<-Undead, criticalHitSound<-skeletoncrithitpak.dbr, deathSound1<-skeletondeathpak.dbr, distressCallGroup<-Skeleton, rallySound<-STRIP(maenadrallypak.dbr), rallySoundChance<-0.0, rampageSound<-STRIP(maenadrampagepak.dbr), rampageSoundChance<-0.0, rampageSoundDelay<-0.0, stunSound<-skeletonstunpak.dbr, voxSound<-skeletonvoxpax.dbr)
    toxeus_enslaver_3.dbr: stripped 21 foreign .anm overrides (source anm table now drives the body)
    toxeus_enslaver_3.dbr: stripped Lyia green residue (buffSelfSkillName=envenomweapon.dbr, buffSelf2SkillName=heartofoak.dbr, healSkillName=regrowth_lyia.dbr, deathEffect=343_natureswrath_low_fx.dbr)
    toxeus_enslaver_3.dbr: aligned identity (alertSound<-skeletonalertpak.dbr, alertSoundChance<-30.0, characterRacialProfile<-Undead, criticalHitSound<-skeletoncrithitpak.dbr, deathSound1<-skeletondeathpak.dbr, distressCallGroup<-Skeleton, rallySound<-STRIP(maenadrallypak.dbr), rallySoundChance<-0.0, rampageSound<-STRIP(maenadrampagepak.dbr), rampageSoundChance<-0.0, rampageSoundDelay<-0.0, stunSound<-skeletonstunpak.dbr, voxSound<-skeletonvoxpax.dbr)
  Enslaver (A1/B6): SKELETON LORD [32500/45000/60000] scale 2.4 (2.5x the marauder, CC-immune) + marauder summon (burst 6/cd 2/limit 4); marauders = DEPLOYED demon block [13000/18000/24000] scale 2.0 (name kept 'Enslaved Shadow Marauder'); friendly pet-of-pet demon ladder; summon soul (66% Finger2); tags set. Warband + sweep run next.
  Enslaver warband: 1 leader + 4 Enslaved Shadow Marauder champions (spawn=5/champMin=Max=4/champChance=100); chanceToRun=100; limit [1..110]. MAP LANE: place q_enslaver_warband at one walkable coord (map delta).
  MITIGATION bloodbeast summon: petLimit 8 -> 4 (summon-density load cut)
  HYGIENE bloodhound dyingFxPak: repointed 6/6 dangling refs (xrecords -> records; FX now resolves)
  Helike identity align: 0 fields aligned to xhero_helike_46 across 3 pets (distressCallGroup kept Maenad - the source itself defines it)

=== GROUP 1: Monster Test Yard (TESTHUB-only) ===
  TEST YARD: enslaver + marauder + 4 obsidian-guardian pools + 4 corner proxies (hoard chests) + wyrm proxy (reuse svc_wyrmhorde_03); 6 new pools + 7 new proxies (13 records), all referencing REAL records (inert without the TESTHUB map)
  ENSLAVER SWEEP: injected the roaming Enslaver into 273 eligible undead-family trash pool(s) (b49 breadth restrict, was ~1224; each existing weight x600, him at weight 1, limit 1)
  Roaming-sweep gate OK: 273 eligible undead-family trash pools carry the Enslaver at weight 1 (p_slot <= 1/24000), limit 1; b49 BREADTH RESTRICT holds (band 200-400, was ~1224 all-family) -- 0 non-lineage / boss / quest / hero / escort / friendly pools touched; boss+marauder at band [40, 68, 100]. Leak guard: all 275 enslaver-bearing pools are swept-or-yard (2 whitelisted yard/warband pool(s) at weight 100 excluded from the weight-1 rule).

=== A2: boss loot-orb fix (Toxeus directive + J1/J2 breadth) ===
  BOSS-ORB: wired treasureProxyName on 13 boss record(s) -> records\item\containers\new\genericbossorb_04.dbr
  Boss-orb invariant OK: every present target boss drops a resolving orb.

=== A8: Obsidian balance wave (B2 Ilsevar nova, B5 Vashkarr, B7 soul physres) ===
  A8/B2: Ilsevar soul -> manual-cast AoE Life Drain Nova (ilsevar_drainnova cd 16, radius 6, level 3/5/8; controller stripped -> shows Recharge) [3 tiers]
  A8/B5: Vashkarr all-black FX shroud + CC-immune + scale 3.0 + 'Wrath of the Eldest' low-health enrage passive (skillName17)
  A8/B7: Eldest+Gorrahk soul physres -> 30/45/60 + flat armor + HP (6 soul tier records; no longer physical-immune); -8% run speed now GORRAHK-ONLY (R-72: Vashkarr carries a run-speed BONUS + a -6..-8% elemental drawback instead)

======================================================================
=== patches-registry: 47 module(s), order 9006cb7e44d2 ===
======================================================================

--- [1/47] hunting_occult_ui  (Hunting/Occult mastery-screen UI fix (backgrounds + button shapes)) ---

=== H/O UI fix: 8-mastery backgrounds + 8 O/H button shapes ===
  m1 Warfare  background -> InGameUI\Skills\WarfareSkillBackground01.tex
  m2 Defense  background -> InGameUI\Skills\DefenseSkillBackground01.tex
  m3 Earth    background -> InGameUI\Skills\EarthSkillBackground01.tex
  m4 Storm    background -> InGameUI\Skills\StormSkillBackground01.tex
  m5 Stealth  background -> InGameUI\Skills\StealthSkillBackground01.tex [golden-waived]
  m6 Hunting  background -> InGameUI\Skills\HuntingSkillBackground01.tex [golden-waived]
  m7 Spirit   background -> InGameUI\Skills\SpiritSkillBackground01.tex
  m8 Nature   background -> InGameUI\Skills\NatureSkillBackground01.tex
  backgrounds repointed: 16 records (masteries 1-8, base + realloc)
  m5 skill13  (drxpoisongasbomb) -> CIRCLE
  m5 skill24  (drx_dual_blade) -> CIRCLE
  m5 skill06  (drxcalculatedstrike_luckyhit) -> SQUARE
  m5 skill18  (drxlaytrap_petmodifier_multishotbolttrap) -> SQUARE
  m6 skill09  (drxherbalism) -> CIRCLE
  m6 skill22  (drxspear_tempest) -> SQUARE
  m6 skill23  (drxcorneredrage) -> CIRCLE
  m6 skill18  (drxtakedown_eviscerate) -> SQUARE
  button shapes set: 8 (2 SQUARE cast-actives + 6 CIRCLE passives/procs/modifiers, Will's shape law); 5 drift-waived, 3 re-assert baseline circle
=== H/O UI fix done: 16 bg + 8 shape records ===
    hunting_occult_ui: modified 24 record(s), 0 tag(s)

--- [2/47] mastery_ui_audit  (Cross-mastery skill-tree UI fix (graft icons, Earth Rupture de-dup + reflow, Dream bg)) ---

=== mastery_ui_audit: cross-mastery skill-tree UI fix (build38) ===
  icon  drx_clubslam_fissure.dbr                             -> OnslaughtUp01.tex
  icon  drx_activeblock.dbr                                  -> activeblock_up.tex
  icon  drx_firenova.dbr                                     -> firenova_up.tex
  icon  drxrupture_burning.dbr                               -> BarrageUp01.tex
  icon  drxrupture_flare.dbr                                 -> FlameArchUp01.tex
  icon  drxfrostnova.dbr                                     -> FreezeUp01.tex
  icon  drx_summoncopy.dbr                                   -> dreamimage_up.tex
  icon  drx_nymph_petmodifier_rootwave.dbr                   -> SilvanNymphUp01.tex
  graft icons repointed: 8 (7 _DRX_Textures + 1 empty) -> resolving arcs
  Nature name: drx_nymph_petmodifier_rootwave -> Sylvan Protection (x3tagSkillNatureSylvanProtection, base-game x3 tag)
  rename drxrupture.dbr           -> tagSkillName113 (FlameSurgeUp01.tex)
  rename drxrupture_flare.dbr     -> tagSkillName103 (icon via _ICON_FIXES)
  Earth graft de-dup: drxrupture -> Flame Surge, drxrupture_flare -> Flame Arch (SV drxflamesurge stays the canonical Rupture)
  reflow Earth skill10.dbr  (drxringofflame_softenmetal) -> (428,341)
  reflow Earth skill26.dbr  (drxrupture) -> (428,279)
  reflow Earth skill28.dbr  (drxrupture_flare) -> (428,155)
  reflow Earth skill23.dbr  (drxspontaneouscombustion) -> (428,93)
  Earth col-428 reflow: Ring-of-Flame + graft Rupture chain now contiguous, base lower; standalones on top
  Dream bg skillpanebasebitmap.dbr            -> SpiritSkillBackground01.tex
  Dream bg skillpanereallocationbitmap.dbr    -> SpiritSkillReallocationBackground01.tex
=== mastery_ui_audit done: 8 icons, 2 renames, 4 reflow, 2 Dream bg ===
    mastery_ui_audit: modified 15 record(s), 0 tag(s)

--- [3/47] mastery_bg_render  (Mastery pane BLACK-BACKGROUND render fix (BitmapSingle -> vanilla BitmapUIAware + controller sibling; + shared chrome repoint)) ---

=== mastery_bg_render: mastery pane black-background render fix (b60 wave) ===
  pane  skillpanebasebitmap.dbr @mastery 1                         -> BitmapUIAware [WarfareSkillBackground01.tex (+controller)]
  pane  skillpanereallocationbitmap.dbr @mastery 1                 -> BitmapUIAware [WarfareSkillReallocationBackground01.tex (+controller)]
  pane  skillpanebasebitmap.dbr @mastery 2                         -> BitmapUIAware [DefenseSkillBackground01.tex (+controller)]
  pane  skillpanereallocationbitmap.dbr @mastery 2                 -> BitmapUIAware [DefenseSkillReallocationBackground01.tex (+controller)]
  pane  skillpanebasebitmap.dbr @mastery 3                         -> BitmapUIAware [EarthSkillBackground01.tex (+controller)]
  pane  skillpanereallocationbitmap.dbr @mastery 3                 -> BitmapUIAware [EarthSkillReallocationBackground01.tex (+controller)]
  pane  skillpanebasebitmap.dbr @mastery 4                         -> BitmapUIAware [StormSkillBackground01.tex (+controller)]
  pane  skillpanereallocationbitmap.dbr @mastery 4                 -> BitmapUIAware [StormSkillReallocationBackground01.tex (+controller)]
  pane  skillpanebasebitmap.dbr @mastery 5                         -> BitmapUIAware [StealthSkillBackground01.tex (+controller)]
  pane  skillpanereallocationbitmap.dbr @mastery 5                 -> BitmapUIAware [StealthSkillReallocationBackground01.tex (+controller)]
  pane  skillpanebasebitmap.dbr @mastery 6                         -> BitmapUIAware [HuntingSkillBackground01.tex (+controller)]
  pane  skillpanereallocationbitmap.dbr @mastery 6                 -> BitmapUIAware [HuntingSkillReallocationBackground01.tex (+controller)]
  pane  skillpanebasebitmap.dbr @mastery 7                         -> BitmapUIAware [SpiritSkillBackground01.tex (+controller)]
  pane  skillpanereallocationbitmap.dbr @mastery 7                 -> BitmapUIAware [SpiritSkillReallocationBackground01.tex (+controller)]
  pane  skillpanebasebitmap.dbr @mastery 8                         -> BitmapUIAware [NatureSkillBackground01.tex (+controller)]
  pane  skillpanereallocationbitmap.dbr @mastery 8                 -> BitmapUIAware [NatureSkillReallocationBackground01.tex (+controller)]
  pane  skillpanebasebitmap.dbr @records\xpack\ui\skills\mastery 9 -> BitmapUIAware [SpiritSkillBackground01.tex (+controller)]
  pane  skillpanereallocationbitmap.dbr @records\xpack\ui\skills\mastery 9 -> BitmapUIAware [SpiritSkillReallocationBackground01.tex (+controller)]
  pane records restructured BitmapSingle -> BitmapUIAware: 18 (9 masteries x base+reallocation)
  chrome undobutton.dbr                           -> InGameUI\Skills (4 field(s))
  chrome undomasteryselectionbutton.dbr           -> InGameUI\Skills (4 field(s))
  chrome costperpointnumberbitmap.dbr             -> InGameUI\Skills (1 field(s))
  chrome playergoldnumberbitmap.dbr               -> InGameUI\Skills (1 field(s))
  shared chrome records repointed SkillsPanel -> InGameUI: 4
=== mastery_bg_render done: 18 panes + 4 chrome ===
    mastery_bg_render: modified 22 record(s), 0 tag(s)

--- [4/47] oh_pane_art  (Occult (mastery 5) tree-pane background art fix - vanilla Stealth backdrop -> bespoke DRX dark tablet (Hunting verified OK)) ---

=== oh_pane_art: Occult tree-pane background art fix (b67 wave) ===
  Occult skillpanebasebitmap.dbr :: bitmapNames[0] InGameUI\Skills\StealthSkillBackground01.tex -> DRXtextures\masterybackdrops\standardskillbackground_joanna_ver_dark.tex
  Occult skillpanebasebitmap.dbr :: bitmapNames[1] (controller) unchanged: InGameUI\Controller\Skills\StealthSkillBackground01.tex (no DRX asset at the 980x540 controller-canvas size; residual, flagged for Will)
  Occult reallocation pane     untouched (verified vanilla, no defect found): InGameUI\Skills\StealthSkillReallocationBackground01.tex
  Hunting base pane            untouched (verified vanilla, no defect found): InGameUI\Skills\HuntingSkillBackground01.tex
  Hunting reallocation pane    untouched (verified vanilla, no defect found): InGameUI\Skills\HuntingSkillReallocationBackground01.tex
=== oh_pane_art done: 1 texture repointed (Occult base, mouse-mode); 3 siblings verified unchanged ===
    oh_pane_art: modified 1 record(s), 0 tag(s)

--- [5/47] four_generals  (four_generals) ---

=== build37 four_generals: Hades' Generals upgrade (abilities + guards + Menoetes) ===
  1. archer musters: 3 general summons (petLimit 3, TTL 20) + marshal muster (petLimit 5, all 3 skins)
  2. generals upgraded: Dysnomion (muster sa2 + lifedrain sa3), Makaria (muster sa3), Trophonios (muster sa4 + sa5 fallback); all _45 + _47, additive
  3. Menoetes marshal: Boss L[50,66,80] HP[26000,32000,40000] scale 2.0, MachaeHero01 + Hades black smoke, apex orb, war-council kit + muster (sa5)
  4. honor guards: 6 named machae Champions (2 per general), theme-matched, no soul
  5. guard placements: 3 guard-pair pools + proxies (SEPARATE from quest pools; map lane flanks each general)
  6. marshal placement: q_hadesmarshal_lone (1 boss + 2 escorts) + yard; limit_bloodtoxeus contains L80; apex orb is the loot
    hadesmarshal_1.dbr: stripped 59 foreign .anm overrides (source anm table now drives the body)
    hadesmarshal_1.dbr: stripped Lyia green residue (buffSelfSkillName=envenomweapon.dbr, buffSelf2SkillName=heartofoak.dbr, healSkillName=regrowth_lyia.dbr, deathEffect=343_natureswrath_low_fx.dbr, attackSkillName=maenadsummon_attack_default.dbr, baseTexture=maenad_lyia.tex)
    hadesmarshal_1.dbr: aligned identity (alertSound<-STRIP(maenadalertpak.dbr), alertSoundChance<-30.0, characterRacialProfile<-Demon, criticalHitSound<-STRIP(maenadcrithitpak.dbr), deathSound1<-machae01_death.dbr, distressCallGroup<-STRIP(Maenad), rallySound<-STRIP(maenadrallypak.dbr), rallySoundChance<-0.0, rampageSound<-STRIP(maenadrampagepak.dbr), rampageSoundChance<-0.0, rampageSoundDelay<-0.0, stunSound<-STRIP(maenadstunpak.dbr), voxSound<-machae02_vox.dbr, voxSoundChance<-35.0)
    hadesmarshal_2.dbr: stripped 59 foreign .anm overrides (source anm table now drives the body)
    hadesmarshal_2.dbr: stripped Lyia green residue (buffSelfSkillName=envenomweapon.dbr, buffSelf2SkillName=heartofoak.dbr, healSkillName=regrowth_lyia.dbr, deathEffect=343_natureswrath_low_fx.dbr, attackSkillName=maenadsummon_attack_default.dbr, baseTexture=maenad_lyia.tex)
    hadesmarshal_2.dbr: aligned identity (alertSound<-STRIP(maenadalertpak.dbr), alertSoundChance<-30.0, characterRacialProfile<-Demon, criticalHitSound<-STRIP(maenadcrithitpak.dbr), deathSound1<-machae01_death.dbr, distressCallGroup<-STRIP(Maenad), rallySound<-STRIP(maenadrallypak.dbr), rallySoundChance<-0.0, rampageSound<-STRIP(maenadrampagepak.dbr), rampageSoundChance<-0.0, rampageSoundDelay<-0.0, stunSound<-STRIP(maenadstunpak.dbr), voxSound<-machae02_vox.dbr, voxSoundChance<-35.0)
    hadesmarshal_3.dbr: stripped 59 foreign .anm overrides (source anm table now drives the body)
    hadesmarshal_3.dbr: stripped Lyia green residue (buffSelfSkillName=envenomweapon.dbr, buffSelf2SkillName=heartofoak.dbr, healSkillName=regrowth_lyia.dbr, deathEffect=343_natureswrath_low_fx.dbr, attackSkillName=maenadsummon_attack_default.dbr, baseTexture=maenad_lyia.tex)
    hadesmarshal_3.dbr: aligned identity (alertSound<-STRIP(maenadalertpak.dbr), alertSoundChance<-30.0, characterRacialProfile<-Demon, criticalHitSound<-STRIP(maenadcrithitpak.dbr), deathSound1<-machae01_death.dbr, distressCallGroup<-STRIP(Maenad), rallySound<-STRIP(maenadrallypak.dbr), rallySoundChance<-0.0, rampageSound<-STRIP(maenadrampagepak.dbr), rampageSoundChance<-0.0, rampageSoundDelay<-0.0, stunSound<-STRIP(maenadstunpak.dbr), voxSound<-machae02_vox.dbr, voxSoundChance<-35.0)
  7. Marshal's Command soul: summon-the-marshal (3 pets + skill), run-speed downside, Finger2@66; hand-designed name whitelisted
  8. general-soul enrichment: light amgoz downsides on dysnomion/makaria/trophonios (name/skill/augments untouched)
  9. tags: marshal (name/soul/desc/summon) + 6 guards; NO general-soul tags (they ship at tagSoulName248/249/250)
  10. self-check OK: all new records resolve; generals stay Quest-class + keep their soul drops (quest identity intact)
=== four_generals: DONE (3 general upgrades + 6 guards + Menoetes marshal + soul enrichment; map lane owns placements) ===
    four_generals: modified 43 record(s), 10 tag(s)

--- [6/47] skill_quality  (skill_quality) ---

[patch:skill_quality] granted-skill quality pass (build37 / BACKLOG #31)
  reassigned 86 soul grant(s) to identity-true procs; 28 soul record(s) made stat-only; 30 soul record(s) amgoz-enriched

  B-SOUL-PROC-2: universally playable PC anims = ['aoe360', 'colossus']
  B-SOUL-PROC-2: 59 skill(s) cloned to pcsafe with anim removed; 342 soul grant(s) repointed; 6 Enemy controller(s) given base-parity autoTargetRadius (of 39 seen)
    skill_quality: modified 524 record(s), 0 tag(s)

--- [7/47] toxeus_suite  (toxeus_suite) ---

=== [toxeus_suite] build37 TOXEUS ENCOUNTER SUITE (backlog #32) ===
  [A] entrance ambush: q_bloodtoxeus_ambush @ chanceToRun=33 (reuses _BT_POOL = 1 Toxeus + 2 blood demons); registered for spawn-eligibility. The ONLY corridor Blood-Toxeus roll (parchment 50% feature retired). NO MAP CHANGE (placement shipped).
  [B] rant scroll: svc_toxeus_rant (Parchment/Magical) + FixedItemLoot per-player table (numSpawn='numberOfPlayers*1') -> FixedWeight item table; wired Blood-Toxeus Misc4 @100%; 3 tags. (monster-equip-slot numSpawn = launch-gated; container fallback documented)
  [C] STALKER SWEEP: injected the roaming Hunt into 345 eligible Immortal-Throne trash pool(s) at the R-96 NORMALISED rate p_slot=1/1250 (weight 29..528 per pool, per-slot limit 1 = <=1 Hunt/trigger); 282 of them self-x600'd here (non-undead pools the b49 Enslaver breadth-restrict no longer scales -- Hunt breadth preserved, was ~345). Target: ~1 sighting per act (measured 0.955 Act IV / 1.034 Act V / 1.989 per full pass).
  [C] stalker-sweep gate OK: 345 eligible Immortal-Throne trash pools carry the Hunt at the R-96 NORMALISED rate (every pool p_slot = 1/1250 +/-4%, per-slot limit 1 = <=1 Hunt/trigger); 0 non-IT / boss / quest / hero leaks; band [40,68,100].
  [C] R-96 sightings re-derived from the census: Act IV 0.955 | Act V 1.034 | full pass 1.989 (p_slot 1/1250, 797 placements, 2486 effective draws)
  [C] R-96 census provenance: measured against Levels.arc 943d0ab9516d332db79bd7f9fd2d3ffe - the sightings figure above is valid for THAT map.
  ⚠ WARNING R-96 CENSUS STAMP MISMATCH: C:\Users\willi\repos\tqit_soulvizier_classic\.claude\worktrees\visibility\work\SoulvizierClassic\Resources\Levels.arc is fc0adcc0713839a685b32d6e122653be, the census was measured on 943d0ab9516d332db79bd7f9fd2d3ffe. The p_slot invariant is unaffected (it is per-pool and map-independent), but the '~1 sighting per act' figure is NOT proven for this map. NOTE this can be a STAGING artifact rather than a real world change - the map staged in work/ is not always the map that is deployed - so check WHICH of the two moved before assuming the census is stale. Re-measure with: py tools/debug/census_placements.py "C:\Users\willi\repos\tqit_soulvizier_classic\.claude\worktrees\visibility\work\SoulvizierClassic\Resources\Levels.arc" --dbr um_toxeus_hunt_99, then update _LS_CENSUS_DRAWS / _LS_CENSUS_PLACEMENTS / _LS_CENSUS_LEVELS_ARC_MD5 together.
  [C] stalker: um_toxeus_hunt_99 (ShadowStalker rig, distinct iceheart skin, Boss [40,68,100] life 16/22/30k, pierce/pursuit) + granted-MOVE soul + Immortal-Throne-wide roaming sweep touched 345 pools; 3 tags. (b98 repoints the drop rate to 100 [R-91], the soul grant to Quarry's Mark [R-94] and replaces netherstrike outright)
  [C] experiment artifact: limit_legendary_only authored INERT (N/E window [85..110]; L [1..110]); q_toxeus_hunt placement = documented follow-up (out of DB scope)
=== [toxeus_suite] done (D + guarding gates run in verify(), post-finalization) ===

    toxeus_suite: modified 355 record(s), 6 tag(s)

--- [8/47] toxeus_champion_kits  (toxeus_champion_kits) ---

=== [toxeus_champion_kits] b73 TOXEUS CHAMPIONS KIT WAVE ===
  [DEVOURER] Tears of Blood (weak,10s) -> specialAttack2 (was flashpowder) @35; Blood Frenzy passive added (sub-25% HP surge).
  [ENSLAVER] Soul-Rip -> specialAttack2 (was netherstrike) @40; Chains of Servitude -> specialAttack3 (was bladestorm) @30; Unholy Dominion -> specialAttack4 (was flashpowder) @30. summonmarauders(1) + lethalstrike(5) kept.
=== [toxeus_champion_kits] done (verify() runs post-finalization) ===

    toxeus_champion_kits: modified 6 record(s), 0 tag(s)

--- [9/47] diadochi  (Fields of the Diadochi uber (the Helepolis, Taker of Cities)) ---
  diadochi: the Helepolis (Boss [58,80,97] HP 24/32/42k, scale 3.2, black-smoke shroud + meteor-lob nova + turret/laser/missile/firespit + drone muster) + 2 strider-guard champions + lone pool/proxy + apex orb + '{^F}Ash of the Funeral Games' soul (pcsafe turret grant, ponderous downside) + TESTHUB yard; tags + gate registrations set. Map lane places it.
    diadochi: modified 12 record(s), 4 tag(s)

--- [10/47] polis_vault  (polis_vault) ---

=== BUILD37 polis_vault: Polis Daemonai Warden's Vault-Cage ===
  POLIS GAOLER: 2-form guardian (Alkyoneus [15/20/27k] -> Hoard Unbound [11/15/20k], totals 26/35/47k; soul-warden kit + kinetic slam + resist wall; orb+soul+chest-lock on terminal form2 only) + lone pool/proxy/limit + TESTHUB yard + Soul of the Gaoler (-4 speed downside, 66% Finger2).
  POLIS HORDE: 4/4 new daemon-jailer proxies built (2 Behemoth jailers reuse the native ss_warden_behemoth proxy).
  POLIS VAULT: 5 golden Majestic Chests (ChestTemple01, Boss-lock, LockedRadius 100) with enriched apex loot + 5 independent rolls.
=== polis_vault done ===

    polis_vault: modified 28 record(s), 4 tag(s)

--- [11/47] neferkha  (Neferkha, the Rimebound Pharaoh (Cold Tombs Tier-1)) ---
    neferkha_1.dbr: stripped 16 foreign .anm overrides (source anm table now drives the body)
    neferkha_1.dbr: stripped Lyia green residue (buffSelf2SkillName=heartofoak.dbr, healSkillName=regrowth_lyia.dbr, deathEffect=343_natureswrath_low_fx.dbr, attackSkillName=maenadsummon_attack_default.dbr)
    neferkha_1.dbr: aligned identity (alertSound<-mummymagealertpak.dbr, alertSoundChance<-30.0, characterRacialProfile<-Undead, criticalHitSound<-STRIP(maenadcrithitpak.dbr), deathSound1<-mummydeathpak.dbr, distressCallGroup<-STRIP(Maenad), rallySound<-STRIP(maenadrallypak.dbr), rallySoundChance<-0.0, rampageSound<-STRIP(maenadrampagepak.dbr), rampageSoundChance<-0.0, rampageSoundDelay<-0.0, stunSound<-mummystunpak.dbr, voxSound<-mummyvoxpak.dbr)
    neferkha_2.dbr: stripped 16 foreign .anm overrides (source anm table now drives the body)
    neferkha_2.dbr: stripped Lyia green residue (buffSelf2SkillName=heartofoak.dbr, healSkillName=regrowth_lyia.dbr, deathEffect=343_natureswrath_low_fx.dbr, attackSkillName=maenadsummon_attack_default.dbr)
    neferkha_2.dbr: aligned identity (alertSound<-mummymagealertpak.dbr, alertSoundChance<-30.0, characterRacialProfile<-Undead, criticalHitSound<-STRIP(maenadcrithitpak.dbr), deathSound1<-mummydeathpak.dbr, distressCallGroup<-STRIP(Maenad), rallySound<-STRIP(maenadrallypak.dbr), rallySoundChance<-0.0, rampageSound<-STRIP(maenadrampagepak.dbr), rampageSoundChance<-0.0, rampageSoundDelay<-0.0, stunSound<-mummystunpak.dbr, voxSound<-mummyvoxpak.dbr)
    neferkha_3.dbr: stripped 16 foreign .anm overrides (source anm table now drives the body)
    neferkha_3.dbr: stripped Lyia green residue (buffSelf2SkillName=heartofoak.dbr, healSkillName=regrowth_lyia.dbr, deathEffect=343_natureswrath_low_fx.dbr, attackSkillName=maenadsummon_attack_default.dbr)
    neferkha_3.dbr: aligned identity (alertSound<-mummymagealertpak.dbr, alertSoundChance<-30.0, characterRacialProfile<-Undead, criticalHitSound<-STRIP(maenadcrithitpak.dbr), deathSound1<-mummydeathpak.dbr, distressCallGroup<-STRIP(Maenad), rallySound<-STRIP(maenadrallypak.dbr), rallySoundChance<-0.0, rampageSound<-STRIP(maenadrampagepak.dbr), rampageSoundChance<-0.0, rampageSoundDelay<-0.0, stunSound<-mummystunpak.dbr, voxSound<-mummyvoxpak.dbr)
  Neferkha Frost Court: boss (Khenti frost-mummy rig, band [32,50,64], HP [14k,22k,32k], cold wall, -10% run) + uncapped raise-court summon (burst 4/cd 5/petLimit 20) + frost-mummy/mage/guardian/ice-wraith roster + hatch pool + no-cap limit + lone pool (pharaoh + 2 guardian escorts) + 1 lone proxy + 4 sarcophagus proxies + manual Neferkha Soul (66% Finger2, cold augments, defensiveFreeze, -run downside, Undead racial) + guaranteed tiered Rimed Canopic Heart (Misc3@100 boss / 15% guardian) + TESTHUB yard; tags set
    neferkha: modified 29 record(s), 10 tag(s)

--- [12/47] bossarena  (Aithon, the Ember-Crowned (Olympian Arena boss finish)) ---
  Olympian Arena: Aithon, the Ember-Crowned (satyr fire apex, scale 1.9, HP [42k,54k,66k], fire/burn wall, ring-of-flame shroud) + 2 Ember Satyr Warden honor guard (pool 1 apex + 2 champions) + proxy hardened invisible + 2 Elysium portals hidden (gray-plane/green-glow) + {^F}Aithon Soul (fire-nova erupt-on-hit, volcanic/fire-enchant augments, Beastman racial, -def downside, 66% off the apex, 2 satyrs keep the shared soul); tags set
    bossarena: modified 9 record(s), 3 tag(s)

--- [13/47] hunting_occult_improvements  (hunting_occult_improvements) ---

=== B37: Hunting/Occult improvement wave (Will 2026-07-12) ===
  B37 H1: Rapid Construction defensiveConvert charm-resist penalty [-3.6..-19.8] -> zeroed (cooldown/mana untouched)
  B37 H2: drxspear_tempest (circle/buff-like) -> "Tempest" + desc; drxtakedown_eviscerate (square/attack) keeps "Eviscerate" + gains desc
  B37 H4: Hunting mastery characterMana 0 -> ladder 4/level, cap 160 at ML40 (no INT added; +100 mastery HP kept)
  B37 H5: Darklings - petLimit top 3->4; death blast +physical 40-70..520-760, life-drain +~1.6x, petrify 1.0s (flat) -> 1.0..4.0s by tier
=== B37 H/O wave: DB edits applied ===

    hunting_occult_improvements: modified 7 record(s), 0 tag(s)

--- [14/47] damage_display  (Damage display font-styles (AE floating combat text)) ---
    damage_display: bound 7 combat-text style field(s): DamageNormalStyle, DamageElementalStyle, DamageOnPlayerStyle, DamageOverTimeStyle, HealingStyle, HealingOnPlayerStyle, PlayerImpairmentStyle
    damage_display: modified 1 record(s), 0 tag(s)

--- [15/47] death_xp_penalty  (Death XP penalty -90% (R-80)) ---
    death_xp_penalty: applied -> divisor 9->90, cap 500000->50000 (L85 Legendary 477653 -> 47765 XP, -90.0%)
    death_xp_penalty: modified 1 record(s), 0 tag(s)

--- [16/47] tombstone_xp_recovery  (tombstone XP recovery == XP lost (R-109)) ---
    tombstone_xp_recovery: applied RedemptionMultiplier 0.5 -> 1.0  (L85 Legendary: lose 47765 XP, recover 47765 XP; was 23882)
    tombstone_xp_recovery: modified 1 record(s), 0 tag(s)

--- [17/47] thrown_restore  (Thrown-wielder restore (b64): restore base+IT throwers into their existing pools) ---
    thrown_restore: modified 10 record(s), 0 tag(s)

--- [18/47] boss_skill_fix  (boss_skill_fix) ---

=== b39 boss_skill_fix: repair fought-boss skill-usage wiring ===
  [SET-LVL ] um_voranthys_99.dbr        dragonliche_freezingbreath (slot 2)        0 -> 2
  [SET-LVL ] um_voranthys_99.dbr        alastor_summonskeletonwarrior (slot 5)     0 -> 2
  [SET-LVL ] um_voranthys_99.dbr        alastor_summonskeletonarcher (slot 6)      0 -> 2
  [SET-LVL ] um_voranthys_99.dbr        aktaios_summontombguardians (slot 7)       0 -> 1
  [SET-LVL ] um_gorrahk_99.dbr          cyclops_groundsmash (slot 2)               0 -> 4
  [SET-LVL ] um_gorrahk_99.dbr          cyclops_terrifyingroar (slot 3)            0 -> 8
  [SET-LVL ] um_kravmoloch_99.dbr       cyclops_groundsmash (slot 2)               0 -> 4
  [SET-LVL ] um_kravmoloch_99.dbr       cyclops_terrifyingroar (slot 3)            0 -> 8
  [SET-LVL ] um_ilsevar_99.dbr          halimedes_terrifyingroar (slot 6)          0 -> 3
  [SET-LVL ] um_dorus_99.dbr            svc_dorus_raisecourt (slot 5)              0 -> 1
  [SET-LVL ] um_gorrahk_99.dbr          character_speedall (slot 5)                0 -> 3
  [SET-LVL ] um_kravmoloch_99.dbr       character_speedall (slot 5)                0 -> 3
  [SET-LVL ] um_ilsevar_99.dbr          drxdeathchillaura (slot 5)                 0 -> 3
  [SET-LVL ] um_voranthys_99.dbr        boss_conversionimmunity (slot 11)          0 -> 1
  [SET-LVL ] um_voranthys_99.dbr        boss_scaling (slot 12)                     0 -> 1
  [SET-LVL ] um_toxeus_hunt_99.dbr      boss_conversionimmunity (slot 6)           0 -> 1
  [SET-LVL ] um_toxeus_hunt_99.dbr      hero_scaling (slot 7)                      0 -> 1
  [SET-LVL ] um_toxeus_hunt_99.dbr      toxeus_passiveproperties (slot 8)          0 -> 1
  [SET-LVL ] um_vashkarr_99.dbr         boss_conversionimmunity (slot 8)           0 -> 1
  [SET-LVL ] um_vashkarr_99.dbr         boss_scaling (slot 9)                      0 -> 1
  [SET-LVL ] um_sarkoth_99.dbr          boss_conversionimmunity (slot 13)          0 -> 1
  [SET-LVL ] um_sarkoth_99.dbr          boss_scaling (slot 14)                     0 -> 1
  [SET-LVL ] um_broodmother_99.dbr      boss_scaling (slot 11)                     0 -> 1
  [SET-LVL ] um_gorrahk_99.dbr          Gorrahk armor_passive (slot 7)             0 -> 40 (charLevel)
  [SET-LVL ] um_kravmoloch_99.dbr       Kravmoloch armor_passive (slot 7)          0 -> 74 (charLevel)
  [SET-KIT ] um_helepolis_99.dbr        skillName9=meteorlob                       lvl 9
  [SET-SPEC] um_helepolis_99.dbr        specialAttack3=leveler_turretattack.dbr    chance 80.0
  boss_skill_fix: 27 edit(s), 0 miss(es)
    boss_skill_fix: modified 10 record(s), 0 tag(s)

--- [19/47] legion_soul_stages  (Legion soul-stages (one soul per death-transform encounter)) ---
  legion_soul_stages: same-soul death-transform chains reduced to the final stage only:
    soul 'legion_soul': keep ['um_legion_28c.dbr'] ; zeroed 3 non-terminal stage(s): ['um_legion_28.dbr', 'um_legion_28a.dbr', 'um_legion_28b.dbr']
  legion_soul_stages: 3 non-terminal soul drop(s) zeroed (chance->0, loot refs kept inert).
  legion_soul_stages: NOTE - 6 death-transform chain(s) drop >=2 DISTINCT souls (NOT auto-fixed; design ruling needed - see docs/reports/b56_legion_soul_stages.md):
    um_possessedboar.dbr -> um_possessedboar_spirit.dbr  ::  souls=['possesedboar_soul', 'possessedboar_soul']
    boss_hades_54.dbr -> boss_hadesform2_54.dbr -> boss_hadesform3_54.dbr  ::  souls=['hades_soul', 'sp_hades_soul']
    lillued.dbr -> lillued_big.dbr  ::  souls=['lillued_soul', 'lilluedchild_soul']
    boss_charon_39.dbr -> boss_charonform2_39.dbr  ::  souls=['boss_charon_soul', 'charon_soul']
    boss_charon_41.dbr -> boss_charonform2_41.dbr  ::  souls=['boss_charon_soul', 'charon_soul']
    boss_charon_43.dbr -> boss_charonform2_43.dbr  ::  souls=['boss_charon_soul', 'charon_soul']
    legion_soul_stages: modified 3 record(s), 0 tag(s)

--- [20/47] double_soul_rulings  (Double-soul rulings (Possessed Boar + Lillued fixed; Charon/Hades untouched)) ---
  double_soul_rulings: (a) Possessed Boar - head detached (chance 66->0, loot refs cleared), 3 typo-twin dup soul(s) retired; terminal's real SV098i soul (boar\possesedboar_soul, formula-integrated) untouched. (b) Lillued - head detached, 3 empty-husk soul(s) retired; terminal's real soul (lillued_soul) untouched. (c) Charon 39/41/43 + Hades 54: UNTOUCHED (Will's ruling - intentional multi-form rewards).
    double_soul_rulings: modified 2 record(s), 0 tag(s)

--- [21/47] enslaver_pet_fx  (enslaver_pet_fx) ---

=== b55 enslaver_pet_fx: black-rig the soul-summoned Enslaver + marauders + Hades Marshal (b55r2) ===
  [black]  toxeus_enslaver_1.dbr    strip: (none)
                                    shroud <- drxshadowcloakrunning_fx_pak.dbr
  [black]  toxeus_enslaver_2.dbr    strip: (none)
                                    shroud <- drxshadowcloakrunning_fx_pak.dbr
  [black]  toxeus_enslaver_3.dbr    strip: (none)
                                    shroud <- drxshadowcloakrunning_fx_pak.dbr
  [black]  enslaver_marauder_1.dbr  strip: specialAttackSkillName=sylvannymph_petskill_nature'swrath.dbr
                                    shroud <- drxshadowcloakrunning_fx_pak.dbr
  [black]  enslaver_marauder_2.dbr  strip: specialAttackSkillName=sylvannymph_petskill_nature'swrath.dbr
                                    shroud <- drxshadowcloakrunning_fx_pak.dbr
  [black]  enslaver_marauder_3.dbr  strip: specialAttackSkillName=sylvannymph_petskill_nature'swrath.dbr
                                    shroud <- drxshadowcloakrunning_fx_pak.dbr
  [black]  hadesmarshal_1.dbr       strip: (none)
                                    shroud <- hades2_shadowcloud_charfxpak.dbr
  [black]  hadesmarshal_2.dbr       strip: (none)
                                    shroud <- hades2_shadowcloud_charfxpak.dbr
  [black]  hadesmarshal_3.dbr       strip: (none)
                                    shroud <- hades2_shadowcloud_charfxpak.dbr
  enslaver_pet_fx: repointed 9 pet(s) to the black rig
    enslaver_pet_fx: modified 9 record(s), 0 tag(s)

--- [22/47] souls_quality  (Souls quality (roster tier inversion x5 + svc_uber per-tier icons + crow-summon manual-cast + tombguardian retire)) ---
  Read 10000/51186...
  Read 20000/51186...
  Read 30000/51186...
  Read 40000/51186...
  Read 50000/51186...
  Loaded: 51186 records, 140943 strings
    souls_quality: raised 10 tier-inversion level(s) (crowboar/onyxspine/steamcrawler/bloodtip/gustleech); fixed 104 svc_uber e/l tier-icon(s); removed 27 mod-introduced on-attack summon-controller(s) [SV098-derived, 8 families A+B]; tombguardian detached=1 retired=3/3 tag_dropped=1
    souls_quality: modified 127 record(s), 0 tag(s)

--- [23/47] aura_radius  (Aura radius widening (BL-AURA-RADIUS)) ---
  [aura_radius] plan: widen 72, hold 40 neg + 42 off, defer 13 base-only + 4 field-add, skip 375 non-player
    [SET] records\drxcreatures\bloodwitch\skills\disciple_aura_buff.dbr  skillTargetRadius 3 -> 36
    [SET] records\drxcreatures\drxdishonorguard\skills\gigantes_healthregenaurabuff.dbr skillTargetRadius 20 -> 36
    [SET] records\skills\defensive\battleawarenessbuff.dbr               skillTargetRadius 16 -> 36
    [SET] records\skills\defensive\drxbattleawarenessbuff.dbr            skillTargetRadius 16 -> 36
    [SET] records\skills\defensive\drxrallybuff.dbr                      skillTargetRadius 10 -> 36
    [SET] records\skills\defensive\rallybuff.dbr                         skillTargetRadius 10 -> 36
    [SET] records\skills\earth\drxfireenchantmentbuff.dbr                skillTargetRadius 13 -> 36
    [SET] records\skills\earth\fireenchantmentbuff.dbr                   skillTargetRadius 6 -> 36
    [SET] records\skills\hunting\artofthehuntbuff.dbr                    skillTargetRadius 15 -> 36
    [SET] records\skills\hunting\callofthehuntbuff.dbr                   skillTargetRadius 15 -> 36
    [SET] records\skills\hunting\drxartofthehuntbuff.dbr                 skillTargetRadius 15 -> 36  [H/O]
    [SET] records\skills\hunting\drxcallofthehuntbuff.dbr                skillTargetRadius 15 -> 36  [H/O]
    [SET] records\skills\item skills\clarityaurabuff.dbr                 skillTargetRadius 15 -> 36
    [SET] records\skills\item skills\growthaurabuff.dbr                  skillTargetRadius 15 -> 36
    [SET] records\skills\item skills\leadership_buff.dbr                 skillTargetRadius 10 -> 36
    [SET] records\skills\item skills\starofhope_couragebuff.dbr          skillTargetRadius 10 -> 36
    [SET] records\skills\monster skills\auras\battlestandard_petskill_defaultbuff.dbr skillTargetRadius 12 -> 36
    [SET] records\skills\monster skills\auras\bloodpact_buff.dbr         skillTargetRadius 4 -> 36
    [SET] records\skills\monster skills\auras\character_speedallbuff.dbr skillTargetRadius 8 -> 36
    [SET] records\skills\monster skills\auras\damage_firebonusbuff.dbr   skillTargetRadius 4 -> 36
    [SET] records\skills\monster skills\auras\damage_lightningbonusbuff.dbr skillTargetRadius 6 -> 36
    [SET] records\skills\monster skills\auras\skoneros_aurabuff.dbr      skillTargetRadius 10 -> 36
    [SET] records\skills\monster skills\buff_other\drxenergyshieldbuff_aoe.dbr skillTargetRadius 8 -> 36
    [SET] records\skills\monster skills\buff_other\drxrallybuff.dbr      skillTargetRadius 10 -> 36
    [SET] records\skills\monster skills\buff_other\ixion_battlestandard_aurabuff.dbr skillTargetRadius 12 -> 36
    [SET] records\skills\monster skills\buff_self\monster_callofthehuntbuff.dbr skillTargetRadius 10 -> 36
    [SET] records\skills\monster skills\buffradiustoggled_speedbuff.dbr  skillTargetRadius 10 -> 36
    [SET] records\skills\monster skills\buffself_frenzyaurabuff.dbr      skillTargetRadius 6 -> 36
    [SET] records\skills\nature\briarward_sanctuarybuff.dbr              skillTargetRadius 3 -> 36
    [SET] records\skills\nature\drxbriarward_sanctuarybuff.dbr           skillTargetRadius 3 -> 36
    [SET] records\skills\nature\drxheartofoakbuff.dbr                    skillTargetRadius 18 -> 36
    [SET] records\skills\nature\drxsylvannymph_petskill_overgrowthbuff.dbr skillTargetRadius 15 -> 36
    [SET] records\skills\nature\drxwolf_petskill_strengthofthepackbuff.dbr skillTargetRadius 10 -> 36
    [SET] records\skills\nature\heartofoakbuff.dbr                       skillTargetRadius 18 -> 36
    [SET] records\skills\nature\wolf_petskill_strengthofthepackbuff.dbr  skillTargetRadius 10 -> 36
    [SET] records\skills\soulskills\blazingweaponsbuff.dbr               skillTargetRadius 6 -> 36
    [SET] records\skills\soulskills\character_speedallbuff.dbr           skillTargetRadius 8 -> 36
    [SET] records\skills\soulskills\harpy_lightningaurabuff.dbr          skillTargetRadius 12 -> 36
    [SET] records\skills\soulskills\kika_distortionaurabuff.dbr          skillTargetRadius 12 -> 36
    [SET] records\skills\soulskills\morth_bloodaurabuff.dbr              skillTargetRadius 12 -> 36
    [SET] records\skills\soulskills\nessus_enduranceaurabuff.dbr         skillTargetRadius 18 -> 36
    [SET] records\skills\soulskills\nishoba_healbuff.dbr                 skillTargetRadius 5 -> 36
    [SET] records\skills\soulskills\sajaki_poisonbuff.dbr                skillTargetRadius 8 -> 36
    [SET] records\skills\soulskills\scirtus_fireaurabuff.dbr             skillTargetRadius 7 -> 36
    [SET] records\skills\spirit\darkcovenantbuff.dbr                     skillTargetRadius 15 -> 36
    [SET] records\skills\spirit\drxdarkcovenantbuff.dbr                  skillTargetRadius 15 -> 36
    [SET] records\skills\spirit\drxpet\drxspiritlure_skill_buff.dbr      skillTargetRadius 8 -> 36
    [SET] records\skills\spirit\spiritwardbuff.dbr                       skillTargetRadius 6 -> 36
    [SET] records\skills\stealth\bladehoningbuff.dbr                     skillTargetRadius 16 -> 36
    [SET] records\skills\stealth\drxbladehoningbuff.dbr                  skillTargetRadius 3 -> 36  [H/O]  [NEG-aura widened per Will]
    [SET] records\skills\stealth\drxpet\drx_demon_regen_buff.dbr         skillTargetRadius 5 -> 36  [H/O]
    [SET] records\skills\stealth\drxpet\drx_stalker_skills\skill_shadowformbuff.dbr skillTargetRadius 5 -> 36  [H/O]
    [SET] records\skills\storm\drxstormwisp_petskill_eyeofthestormbuff.dbr skillTargetRadius 15 -> 36
    [SET] records\skills\sv\manetho\sunblessing_buff_soul.dbr            skillTargetRadius 8 -> 36
    [SET] records\skills\sv\menkare\menkare_shieldbuff_soul.dbr          skillTargetRadius 16 -> 36
    [SET] records\skills\sv\refnat\spiritenhancement_buff_soul.dbr       skillTargetRadius 12 -> 36
    [SET] records\skills\sv\regnok\elementalshield_buff_soul.dbr         skillTargetRadius 10 -> 36
    [SET] records\skills\sv\shodema\shodema_healbuff.dbr                 skillTargetRadius 4 -> 36
    [SET] records\skills\sv\shodema\shodema_healbuff_soul.dbr            skillTargetRadius 4 -> 36
    [SET] records\skills\warfare\battlestandard_petskill_defaultbuff.dbr skillTargetRadius 12 -> 36
    [SET] records\skills\warfare\drxbattlestandard_petskill_defaultbuff.dbr skillTargetRadius 12 -> 36
    [SET] records\xpack\skills\artifactskills\e_da_knotofisis_healingcascadebuff.dbr skillTargetRadius 15 -> 36
    [SET] records\xpack\skills\artifactskills\e_ga_lionheart_lionsroarbuff.dbr skillTargetRadius 10 -> 36
    [SET] records\xpack\skills\artifactskills\l_da_talismanofthejadeemperor_mauduyhnbuff.dbr skillTargetRadius 15 -> 36
    [SET] records\xpack\skills\dream\drxtranceofconvalescencebuff.dbr    skillTargetRadius 12 -> 36
    [SET] records\xpack\skills\dream\drxtranceofempathybuff.dbr          skillTargetRadius 12 -> 36
    [SET] records\xpack\skills\dream\nightmare_petskill_mastermindbuff.dbr skillTargetRadius 15 -> 36
    [SET] records\xpack\skills\dream\tranceofempathybuff.dbr             skillTargetRadius 12 -> 36
    [SET] records\xpack\skills\monsterskills\buffs and healing\ascacophus_roarbuff.dbr skillTargetRadius 10 -> 36
    [SET] records\xpack\skills\scroll skills\01_unbreakablealliancebuff.dbr skillTargetRadius 16 -> 36
    [SET] records\xpack\skills\scroll skills\02_unbreakablealliancebuff.dbr skillTargetRadius 16 -> 36
    [SET] records\xpack\skills\scroll skills\03_unbreakablealliancebuff.dbr skillTargetRadius 16 -> 36
  [aura_radius] 72 record(s) widened (radius field only), 0 already>=target
    aura_radius: modified 72 record(s), 0 tag(s)

--- [24/47] svaera_sets  (SVAERA 5-set re-link (Thoth/Hector/Pythia/Patroclus/Hephaestus)) ---
  svaera_sets: authored 5 set record(s): ['drxset049.dbr', 'drxset051.dbr', 'drxset052.dbr', 'drxset053.dbr', 'drxset058.dbr']
  svaera_sets: re-linked itemSetName on 13 member item(s)
    svaera_sets: modified 18 record(s), 5 tag(s)

--- [25/47] turtleshell_relics  (Turtle-shell-pattern relics (Reveler's Ruse; Dune Fiend already-has-one guard)) ---
  turtleshell_relics (a): The Reveler's Ruse - 3 charms (turtle-shell item clone, bow-only, attack speed + pierce dmg 5-shard ladder) + 3 bonus tables (w1500) + 3 loot tables; wired all 6 Satyr Archer bodies (ar_archer_01..06) lootMisc4 @ 7%.
    turtleshell_relics: modified 15 record(s), 2 tag(s)

--- [26/47] uber_orphan_weapons  (B66: 14 orphan weapons -> supra uber tier) ---
  B66: 14 orphan weapons -> supra (Ripulsar, Aquimae, The Unholy Heartpiercer, Helona's Ascension, The Munderizer, Phoenix Ascendant, Erysichthon's Undying Hunger, Scylla Unbound, Charybdis Unchained, Wrath of the Furies, Sword Fish, The Doomcaller's Maul, Hati, Ten Suns' Wrath); 14 formula(s) wired into supra.dbr + supra_special.dbr @ w100
    uber_orphan_weapons: modified 30 record(s), 28 tag(s)

--- [27/47] formula_names  (B80: formula name audit - Galefury mislabeled as Crystalline Mask) ---

=== Patch B80: formula name audit (Galefury) ===
  records\drxitem\supra\recipes\ar_hunter_helm_formula.dbr: description 'tagRecipe_ar_caster_helm' -> 'tagRecipe_ar_helm_fix'
  (tag already ships correctly in SV098i's own xuniqueequipment.txt: tagRecipe_ar_helm_fix='^rMythic Formula - Galefury' - was orphaned/unused until this repoint; no Text-pipeline change needed)
    formula_names: modified 1 record(s), 0 tag(s)

--- [28/47] mastery_sv_alignment  (BUILD45 mastery SV-alignment (Occult/Hunting shapes + emblem x9 + col6 restack [Darklings/DarkAp/ThrowKnife/Flurry, adjacent bars] + Dark Invigoration TRUE-augments Shadow Link)) ---

=== mastery_sv_alignment (b70): Occult/Hunting/emblem SV alignment ===
  [A] m5 skill13  Poisonous Gas    -> CIRCLE
  [A] m5 skill06  Blade Fury       -> SQUARE
  [A] m5 skill18  Smoke Screen     -> SQUARE
  [A] m6 skill18  Eviscerate       -> SQUARE
  [B] m1 masterybitmap -> BitmapUIAware [WarfarePanel01.tex x2 @718/748,31]
  [B] m2 masterybitmap -> BitmapUIAware [DefensePanel01.tex x2 @718/748,31]
  [B] m3 masterybitmap -> BitmapUIAware [EarthPanel01.tex x2 @718/748,31]
  [B] m4 masterybitmap -> BitmapUIAware [StormPanel01.tex x2 @718/748,31]
  [B] m5 masterybitmap -> BitmapUIAware [newstealthpanel01.tex x2 @718/748,31]
  [B] m6 masterybitmap -> BitmapUIAware [HuntingPanel01.tex x2 @718/748,31]
  [B] m7 masterybitmap -> BitmapUIAware [SpiritPanel01.tex x2 @718/748,31]
  [B] m8 masterybitmap -> BitmapUIAware [NaturePanel01.tex x2 @718/748,31]
  [B] m9 masterybitmap -> BitmapUIAware [DreamPanel01.tex x2 @718/748,31]
  [C2] col6 restack: Darklings t3 / Dark Aperture t4 (unlock 16) / Throwing Knife t5 (unlock 24) / Flurry t6; adjacent len2 bars, ZERO crossings; bindings DarkAp->Darklings + Flurry->ThrowKnife preserved (tree untouched)
  [D] Dark Invigoration TRUE-augments Shadow Link: SkillTree tree-order binding confirmed (drxbladehoning -> drxopenwound), Shadow Link straight bar UP to c3t4 kept
  [E] Earth Soften Metal: NO-OP (build44 already c4t2; SV c4t3 blocked by build41 Flame Surge restoration - see report)
=== mastery_sv_alignment done: A(4 shapes) B(9 emblems) C(col6 restack) D(wire) ===
    mastery_sv_alignment: modified 21 record(s), 0 tag(s)

--- [29/47] summon_caps  (summon_caps) ---
=== summon_caps: restored finite spawn-TTL on 4 boss-summon skills (b76) ===
  TTL-added    aktaios_summontombguardians.dbr                               None -> 5.0s
  TTL-added    alastor_summonskeletonwarrior.dbr                             None -> 20.0s
  TTL-added    alastor_summonskeletonarcher.dbr                              None -> 20.0s
  TTL-added    summonpet_undeadmelee01.dbr                                   None -> 20.0s
    summon_caps: modified 4 record(s), 0 tag(s)

--- [30/47] mastery_unlock_alignment  (b77 mastery UNLOCK-ALIGNMENT (Spirit DW GT-rows + Warfare col3 restack + Earth col4 re-tier + Defense/Storm gate leans + Storm broken-button retire)) ---

=== mastery_unlock_alignment (b77): unlock-alignment fix wave ===
  [move] Spirit Chaotic Resonance -> row3 (Dream twin) -> c3 r3 (y279)
  [move] Spirit Psionic Immolation -> row5 (Dream twin) -> c3 r5 (y155)
  [move] Spirit Ravages of Time col3->col4 row3 -> c4 r3 (y279)
  [move] Spirit Necrosis col3->col4 row5 -> c4 r5 (y155)
  [move] Warfare Club Slam -> col3 row1 -> c3 r1 (y403)
  [move] Warfare Slam Fissure -> col3 row2 -> c3 r2 (y341)
  [move] Warfare Lasting Legacy -> col3 row7 -> c3 r7 (y31)
  [move] Warfare Hamstring col4 row3->row4 -> c4 r4 (y217)
  [tier] Club Slam tier 2->1 (unlock 1)
  [tier] Slam Fissure tier 7->2 (unlock 4)
  [tier] Lasting Legacy tier 7 (kept) (unlock 40)
  [tier] Hamstring tier 4 (kept) (unlock 16)
  [tier] Summon Phalanx tier 7->5 (unlock 24)
  [tier] Frost Nova tier 6->5 (unlock 24)
  [tier] Lightning Dash tier 5->7 (unlock 40)
  [tier] Soften Metal tier 3->2 (unlock 4)
  [tier] Rupture tier 1->3 (unlock 10)
  [tier] Rupture Burning tier 3->4 (unlock 16)
  [tier] Spontaneous Combustion tier 5->6 (unlock 32)
  [tier] Fire Nova tier 6->7 (unlock 40)
  [bar]  Club Slam bar -> adjacent len2 (to Fissure)
  [bar]  Ring of Flame bar -> adjacent len2 (to Soften Metal)
  [bar]  Rupture bar -> straight len3 row3->row5
  [E] Storm skill25 (dangling drxspellbreaker_spellshock2.dbr) removed from 3 panectrl slot(s)
=== mastery_unlock_alignment done: A(Spirit DW rows) B(gate leans) C(Warfare col3) D(Earth col4) E(Storm retire) ===
    mastery_unlock_alignment: modified 24 record(s), 0 tag(s)

--- [31/47] black_poison  (black_poison) ---

=== [black_poison] THE DEVOURER'S BLACK POISON (Will R-1) ===
  [black_poison] built svc_black_poison (tint 0.10 black + dark-smoke pak, poison+vitality); rewired 8 Devourer crimson->black refs: um_bloodtoxeus_99.dbr.initialSkillName, um_bloodtoxeus_99.dbr.skillName3, bloodtoxeus_1.dbr.skillName3, bloodtoxeus_1.dbr.buffSelfSkillName, bloodtoxeus_2.dbr.skillName3, bloodtoxeus_2.dbr.buffSelfSkillName, bloodtoxeus_3.dbr.skillName3, bloodtoxeus_3.dbr.buffSelfSkillName
    black_poison: modified 6 record(s), 0 tag(s)

--- [32/47] toxeus_endofallthings  (toxeus_endofallthings) ---

=== [toxeus_endofallthings] b72 TOXEUS, END OF ALL THINGS ===
  [eoat] Rite drops wired: supra.dbr + supra_special.dbr (R-9, w100) + GUARANTEED on-kill on both Toxeus bosses (R-13, Misc4 100%; Devourer rant preserved).
  [eoat] built 3 pets + 3 disciple thralls + summon + soul ring + uber formula (3 legendary souls -> supra ring); kit + equipment + tags done.
    toxeus_endofallthings: modified 22 record(s), 7 tag(s)

--- [33/47] sargoth_soul_summon  (Sargoth Manbane soul -> summons Sargoth Manbane (R-51)) ---

=== patches-registry: Sargoth Manbane soul -> summons Sargoth Manbane (R-51) ===
  identified: records\creature\monster\dragonian\hero_tarthon_na'arak_37.dbr
              description=tagMonsterName1138 ("Sargoth Manbane"), classification=Hero, charLevel=[37, 54, 69]
  before: 4 soul record(s), itemSkillName = {'sargoth_soul_n.dbr': '<none>', 'sargoth_soul_e.dbr': '<none>', 'sargoth_soul_l.dbr': '<none>', "sargoth_soul_n (amgoz-qosmio's conflicted copy 2013-08-07).dbr": '<none>'}
    sargoth_1.dbr: stripped 27 foreign .anm overrides (source anm table now drives the body)
    sargoth_1.dbr: stripped Lyia green residue (buffSelf2SkillName=heartofoak.dbr, healSkillName=regrowth_lyia.dbr, deathEffect=343_natureswrath_low_fx.dbr, attackSkillName=maenadsummon_attack_default.dbr)
    sargoth_1.dbr: aligned identity (alertSound<-dragonianalertpak.dbr, alertSoundChance<-40.0, criticalHitSound<-STRIP(maenadcrithitpak.dbr), deathSound1<-dragoniandeathpak.dbr, distressCallGroup<-STRIP(Maenad), rallySound<-STRIP(maenadrallypak.dbr), rallySoundChance<-0.0, rampageSound<-STRIP(maenadrampagepak.dbr), rampageSoundChance<-0.0, rampageSoundDelay<-0.0, stunSound<-dragonianstunpak.dbr, voxSound<-dragonianshortvoxpak.dbr, voxSoundChance<-35.0)
    sargoth_2.dbr: stripped 27 foreign .anm overrides (source anm table now drives the body)
    sargoth_2.dbr: stripped Lyia green residue (buffSelf2SkillName=heartofoak.dbr, healSkillName=regrowth_lyia.dbr, deathEffect=343_natureswrath_low_fx.dbr, attackSkillName=maenadsummon_attack_default.dbr)
    sargoth_2.dbr: aligned identity (alertSound<-dragonianalertpak.dbr, alertSoundChance<-40.0, criticalHitSound<-STRIP(maenadcrithitpak.dbr), deathSound1<-dragoniandeathpak.dbr, distressCallGroup<-STRIP(Maenad), rallySound<-STRIP(maenadrallypak.dbr), rallySoundChance<-0.0, rampageSound<-STRIP(maenadrampagepak.dbr), rampageSoundChance<-0.0, rampageSoundDelay<-0.0, stunSound<-dragonianstunpak.dbr, voxSound<-dragonianshortvoxpak.dbr, voxSoundChance<-35.0)
    sargoth_3.dbr: stripped 27 foreign .anm overrides (source anm table now drives the body)
    sargoth_3.dbr: stripped Lyia green residue (buffSelf2SkillName=heartofoak.dbr, healSkillName=regrowth_lyia.dbr, deathEffect=343_natureswrath_low_fx.dbr, attackSkillName=maenadsummon_attack_default.dbr)
    sargoth_3.dbr: aligned identity (alertSound<-dragonianalertpak.dbr, alertSoundChance<-40.0, criticalHitSound<-STRIP(maenadcrithitpak.dbr), deathSound1<-dragoniandeathpak.dbr, distressCallGroup<-STRIP(Maenad), rallySound<-STRIP(maenadrallypak.dbr), rallySoundChance<-0.0, rampageSound<-STRIP(maenadrampagepak.dbr), rampageSoundChance<-0.0, rampageSoundDelay<-0.0, stunSound<-dragonianstunpak.dbr, voxSound<-dragonianshortvoxpak.dbr, voxSoundChance<-35.0)
  built: 3 pets ['sargoth_1.dbr', 'sargoth_2.dbr', 'sargoth_3.dbr'] + summon skill summon_sargoth.dbr
  wired: 4 soul record(s) -> itemSkillName=summon_sargoth.dbr, itemSkillLevel [1, 2, 3]
  tag:   tagSVCSummonSargoth = 'Summon Sargoth Manbane'
    sargoth_soul_summon: modified 8 record(s), 1 tag(s)

--- [34/47] toxeus_hunt_encounter  (Endless Hunt encounter (R-90/R-92/R-93/R-94): ungate, Rite, spear, pursuit kit) ---

=== [toxeus_hunt_encounter] b98 THE ENDLESS HUNT ===
  fixed encounter: pool1 + poolEpic1 + poolLegendary1 all name the Hunt's pool (Legendary-only gate REMOVED, R-90); registered for spawn-eligibility.
  R-92: Rite of the Undivided wired to Misc4 at 100 percent on all 3 tiers (mirrors the Enslaver exactly; he had NO Misc4 slot before).
  R-93: Runbreaker authored (3 tiers) + 3 guaranteed loot tables; name tag tagSVCwpnRunbreaker.
  R-93: spear animation block grafted - 3 BORROWED attack poses (Maenad, boneash_1 precedent) + run/die/stun reused from this record's own sHanded slots.
  R-93: RightHand -> runbreaker_guaranteed_{n,e,l} at 100 percent; range bands widened for a two-handed reach weapon (short 0-5 / med 5-12 / long 12-22).
    stripped 4 inherited donor payload field(s) from svc_hunt_longreach.dbr: offensiveLifeLeechMin, offensiveLifeMax, offensiveLifeMin, offensivePetrifyMin
    stripped 10 inherited donor payload field(s) from svc_hunt_rundown.dbr: offensiveConfusionChance, offensiveConfusionMax, offensiveConfusionMin, offensiveFumbleDurationMin, offensiveFumbleMin, offensivePierceMax, offensivePierceMin, particleEffectAttachPoint1, radiusEffectName, skillHitSound
    player surface: 4 skill records renamed off their donor tags (tagSVCHuntLongReach, tagSVCHuntQuarrysMark, tagSVCHuntRunDown)
  R-94: pursuit kit (the 3 Enslaver-shared cast slots become his own):
    slot 1  specialAttack1  flashpowder.dbr        -> svc_hunt_quarrysmark.dbr @45% (MediumRange)
    slot 3  specialAttack3  netherstrike.dbr       -> svc_hunt_longreach.dbr   @30% (LongRange)
    slot 4  specialAttack4  lifedrain.dbr          -> svc_hunt_rundown.dbr     @30% (ShortRange)
  R-94 round 2: binding the special animations his KEPT cast slots need (toxeus_bladestorm @40% could never fire):
    spear    row: spearSpecialAnimRef1 = AoE360   -> FemalePC_Spear_Skill_Tempest.anm  (modal shipped binding, 11/23 carriers)
    unarmed  row: unarmedSpecialAnimRef1 = AoE360   -> MalePC_DW_Skill_AOE360.anm  (modal shipped binding, 5/5 carriers)
  R-94 round 2: toxeus_hunt_soul_{n,e,l} grant svc_hunt_quarrysmark.dbr at level 1/2/3 (was the RETIRED soulskills\toxeus_flashpowder at 4/6/8)
=== [toxeus_hunt_encounter] done (verify() runs post-finalization) ===

    toxeus_hunt_encounter: modified 16 record(s), 8 tag(s)

--- [35/47] enslaver_shroud  (Enslaver persistent black shroud (R-95)) ---

=== [enslaver_shroud] b98 THE ENSLAVER'S BLACK SHROUD (R-95) ===
  shroud wired into skillName19 (NO existing skill dropped); charFxPakRunningNames kept as-is.
=== [enslaver_shroud] done (verify() runs post-finalization) ===

    enslaver_shroud: modified 3 record(s), 0 tag(s)

--- [36/47] toxeus_souls_100  (toxeus champion souls -> 100% drop (R-48 + R-91)) ---

=== patches-registry: toxeus champion souls -> 100% drop (R-48 + R-91) ===
  Toxeus the Murderer, Enslaver of Souls: chanceToEquipFinger2 66 -> 100 (pre-R-48 release rate 66); 3 soul tier(s) enslaver_soul_n/e/l intact
  Toxeus the Murderer, Devourer of Blood: chanceToEquipFinger2 25 -> 100 (pre-R-48 release rate 25); 3 soul tier(s) blood_toxeus_soul_n/e/l intact
  Toxeus the Murderer, the Endless Hunt: chanceToEquipFinger2 25 -> 100 (pre-R-48 release rate 25); 3 soul tier(s) toxeus_hunt_soul_n/e/l intact
  scope proof: exactly 3/3629 creature records' chanceToEquipFinger2 changed (the 3 R-48/R-91 targets); every other soul rate untouched
    toxeus_souls_100: modified 3 record(s), 0 tag(s)

--- [37/47] leinth_wave  (Leinth the Blood Witch - honour guard + staged poison rigs + buff (R-73, R-76)) ---

=== patches-registry: Leinth the Blood Witch - honour guard + staged poison rigs + buff (R-73, R-76) ===
  authored Crimson Tithe + 6 Text tags (Choir + Mire RETIRED this round - the honour guard and the acid puddle are Will's own answers to what they were invented for)
  acid rig CHAINED: cerberus_acidpuddle_summon.dbr -> cerberus_acidpuddle_monster.dbr -> cerberus_acidpuddle_attack.dbr (all three had ZERO referrers; the xpack Cerberus copies are untouched)
  acid rig CASTABLE: skillSpecialAnimationName 'AcidPuddle' -> 'SpitSummon' (round 1 left the DRX token, which anm_leinth does not bind -> StartSkill aborted and BOTH staged rigs were dead)
    svc_leinth_bloodboil.dbr     anim 'BloodBoil' -> 'ThunderClap'  (shared donor melinoe_bloodboil.dbr left untouched)
    svc_leinth_guard_zap.dbr     anim 'Zappity' -> 'ThunderClap'  (shared donor reaver_zap.dbr left untouched)
  leinth_summon_uglies UNTOUCHED (Will: "keep the swarm as-is"): petBurstSpawn=[4, 6, 8] petLimit=16 TTL=None - round 1's cut is REVERTED
  q_leinth_47.dbr: life 32481.259765625 -> 52000 | phys 10.0 -> 35 | pierce 20.0 -> 45 | poison -15.0 -> 15 | geysers [1, 4, 7] UNTOUCHED (dormant: no cast slot + unbound 'Roar') | Blood Boil -> castable clone @ specialAttack1 + slot 2 [11, 16, 21] | acid rig @ specialAttack5 (slot 9) | Crimson Tithe @ dyingSkillName (slot 16)
  q_leinth_49.dbr: life 35702.51953125 -> 57000 | phys 10.0 -> 35 | pierce 20.0 -> 45 | poison -15.0 -> 15 | geysers [1, 4, 7] UNTOUCHED (dormant: no cast slot + unbound 'Roar') | Blood Boil -> castable clone @ specialAttack1 + slot 2 [11, 16, 21] | acid rig @ specialAttack5 (slot 9) | Crimson Tithe @ dyingSkillName (slot 16)
  q_leinth_50.dbr: life 38923.78125 -> 62000 | phys 10.0 -> 35 | pierce 20.0 -> 45 | poison -15.0 -> 15 | geysers [1, 4, 7] UNTOUCHED (dormant: no cast slot + unbound 'Roar') | Blood Boil -> castable clone @ specialAttack1 + slot 2 [11, 16, 21] | acid rig @ specialAttack5 (slot 9) | Crimson Tithe @ dyingSkillName (slot 16)
    the Voice's bloodbeast: skillName4 disciple_summon_bloodbeast.dbr -> the CAPPED clone @ [5, 10, 15] (round 1 left it level-0: cast-wired but in NO skillName slot)
    the Reaver: Blood Boil (specialAttack1) + reaver_zap (specialAttack3) repointed at castable clones - both were cast-aborting on unbound 'BloodBoil' / 'Zappity'
  honour guard: 2 named cult champions at her band [47, 62, 74]; pool spawn 1/1 -> 3/3, champions b_med_blooddemon_30.dbr -> svc_leinth_guard_reaver.dbr+svc_leinth_guard_disciple.dbr @ 2/2, equation NEUTRALIZED (without it the engine floors 3*1.357 -> 4 mains-2 = TWO Leinths)
  scope proof: 0 of 294 loot/drop fields moved across the 3 variants (veil 100%, soul 66%, bosschestproxy_leinth all intact)
  castability proof: 33 cast-wired slots across the 3 variants + 2 guards, 0 aborting on an unbound animation, 0 at level 0 (round 1 shipped 5 dead: acid x3, Reaver bloodboil + zap, and the Voice's level-0 bloodbeast)
    leinth_wave: modified 12 record(s), 6 tag(s)

--- [38/47] uber_apex_orb  (uber apex orb - ONE apex drop calibre for the WHOLE Toxeus roster AND Leinth (R-72 + R-99)) ---

=== patches-registry: uber apex orb - ONE apex drop calibre for the WHOLE Toxeus roster AND Leinth (R-72 + R-99) ===
  R-99 roster DERIVED from the db (path contains 'toxeus' AND templateName is Monster.tpl): 7 record(s), == ROSTER_PINNED minus the 1 deferred clone(s)
  donor tier to protect: genericbossorb_01.dbr - 11 consumer(s), 10 of them NOT Toxeus and staying put
  donor tier to protect: genericbossorb_04.dbr - 21 consumer(s), 19 of them NOT Toxeus and staying put
  sole-ownership proof: bosschestproxy_leinth.dbr is referenced by EXACTLY 3 record(s), all of them Leinth's own variants (whole-db scan, every field)
  authored genericbossorb_05.dbr (Proxy, clone of genericbossorb_04; 3 accessory slots repointed)
  authored 3 ProxyAccessoryPool clones -> the 3 new chests
  authored 3 FixedItemContainer clones (apex-orb mesh/scale/gold/level-equation KEPT; only `tables` moved)
  svc_uberorb_apex_n01c.dbr: spawn (3+(1.6*numberOfPlayers))*0.9 -> (3+(1.6*numberOfPlayers))*2.2 / (3+(1.6*numberOfPlayers))*1.3 -> (3+(1.6*numberOfPlayers))*2.4 | loot4Chance 12.699999809265137 -> 100.0 | 10 unique weights 27 -> 50 | goldGeneratorLevel 47 KEPT
  svc_uberorb_apex_e01c.dbr: spawn (3+(1.6*numberOfPlayers))*0.9 -> (3+(1.6*numberOfPlayers))*2.2 / (3+(1.6*numberOfPlayers))*1.3 -> (3+(1.6*numberOfPlayers))*2.4 | loot4Chance 12.699999809265137 -> 100.0 | 10 unique weights 27 -> 50 | goldGeneratorLevel 69 KEPT
  svc_uberorb_apex_l01c.dbr: spawn (3+(1.6*numberOfPlayers))*0.9 -> (3+(1.6*numberOfPlayers))*2.2 / (3+(1.6*numberOfPlayers))*1.3 -> (3+(1.6*numberOfPlayers))*2.4 | loot4Chance 12.699999809265137 -> 100.0 | 10 unique weights 27 -> 50 | goldGeneratorLevel 88 KEPT
  um_toxeus_enslaver_99.dbr treasureProxyName genericbossorb_04.dbr    -> genericbossorb_05.dbr
  um_toxeus_hunt_99.dbr    treasureProxyName NONE (field absent)      -> genericbossorb_05.dbr
  um_toxeus_21.dbr         treasureProxyName genericbossorb_01.dbr    -> genericbossorb_05.dbr
  um_bloodtoxeus_99.dbr    treasureProxyName genericbossorb_04.dbr    -> genericbossorb_05.dbr
  um_toxeus_99.dbr         treasureProxyName NONE (field absent)      -> genericbossorb_05.dbr
  old_z_toxeus.dbr         treasureProxyName NONE (field absent)      -> genericbossorb_05.dbr
  z_toxeus.dbr             treasureProxyName NONE (field absent)      -> genericbossorb_05.dbr
  R-99: 7 Toxeus record(s) on the apex orb (4 gained the field for the FIRST time, 3 moved off a lower tier); the Legendary endless variant inherits it later from the Hunt by clone.
  Leinth chest (normal): tables loottable_leinth_29-31.dbr -> svc_uberorb_apex_n01c.dbr | levelEquationFile c03_containerlevelequation.dbr -> containerlevelequation_all.dbr
  Leinth chest (epic): tables loottable_leinth_49-51.dbr -> svc_uberorb_apex_e01c.dbr | levelEquationFile e_c03_containerlevelequation.dbr -> containerlevelequation_all.dbr
  Leinth chest (legendary): tables loottable_leinth_63-65.dbr -> svc_uberorb_apex_l01c.dbr | levelEquationFile l_c02_containerlevelequation.dbr -> containerlevelequation_all.dbr
  blast radius genericbossorb_01.dbr: 11 -> 10 consumer(s) (1 Toxeus left, 10 non-Toxeus untouched)
  blast radius genericbossorb_04.dbr: 21 -> 19 consumer(s) (2 Toxeus left, 19 non-Toxeus untouched)
  scope proof: 7 Toxeus record(s) on orb05 (roster DERIVED, == pin); orb04 chain + every donor tier byte-unchanged, orb04 consumers 21 -> 19; R-48/R-91 soul wiring untouched on the whole roster; Leinth RE-TIERED in place (2 fields x 3 chests, identity + gold generator kept, originals preserved, proven not-nerfed group-by-group)
    uber_apex_orb: modified 20 record(s), 0 tag(s)

--- [39/47] emberteeth_summon  (SOUL-EMBERTEETH-SUMMON (Will 2026-07-14: 'emberteeth soul should let you summon him')) ---
  emberteeth_summon [BL-103]: repointed 1 dead BARE-filename skill ref on um_emberteeth (retaliation_1fireperlevelx100levels.dbr -> the canonical monster-skills path); his fire-retaliation passive has never resolved on the WILD hero either - this fixes both.
    emberteeth_1.dbr: stripped 49 foreign .anm overrides (source anm table now drives the body)
    emberteeth_1.dbr: stripped Lyia green residue (buffSelfSkillName=envenomweapon.dbr, buffSelf2SkillName=heartofoak.dbr, healSkillName=regrowth_lyia.dbr, deathEffect=343_natureswrath_low_fx.dbr, skillName8=sylvannymph_petskill_nature'swrath.dbr)
    emberteeth_1.dbr: aligned identity (alertSound<-orthrusalertpak.dbr, alertSoundChance<-100.0, characterRacialProfile<-Demon, criticalHitSound<-STRIP(maenadcrithitpak.dbr), deathSound1<-orthrusdeathpak.dbr, distressCallGroup<-STRIP(Maenad), rallySound<-STRIP(maenadrallypak.dbr), rallySoundChance<-0.0, rampageSound<-STRIP(maenadrampagepak.dbr), rampageSoundChance<-0.0, rampageSoundDelay<-0.0, stunSound<-orthrusstunpak.dbr, voxSound<-orthrusvoxpak.dbr, voxSoundChance<-100.0)
    emberteeth_2.dbr: stripped 49 foreign .anm overrides (source anm table now drives the body)
    emberteeth_2.dbr: stripped Lyia green residue (buffSelfSkillName=envenomweapon.dbr, buffSelf2SkillName=heartofoak.dbr, healSkillName=regrowth_lyia.dbr, deathEffect=343_natureswrath_low_fx.dbr, skillName8=sylvannymph_petskill_nature'swrath.dbr)
    emberteeth_2.dbr: aligned identity (alertSound<-orthrusalertpak.dbr, alertSoundChance<-100.0, characterRacialProfile<-Demon, criticalHitSound<-STRIP(maenadcrithitpak.dbr), deathSound1<-orthrusdeathpak.dbr, distressCallGroup<-STRIP(Maenad), rallySound<-STRIP(maenadrallypak.dbr), rallySoundChance<-0.0, rampageSound<-STRIP(maenadrampagepak.dbr), rampageSoundChance<-0.0, rampageSoundDelay<-0.0, stunSound<-orthrusstunpak.dbr, voxSound<-orthrusvoxpak.dbr, voxSoundChance<-100.0)
    emberteeth_3.dbr: stripped 49 foreign .anm overrides (source anm table now drives the body)
    emberteeth_3.dbr: stripped Lyia green residue (buffSelfSkillName=envenomweapon.dbr, buffSelf2SkillName=heartofoak.dbr, healSkillName=regrowth_lyia.dbr, deathEffect=343_natureswrath_low_fx.dbr, skillName8=sylvannymph_petskill_nature'swrath.dbr)
    emberteeth_3.dbr: aligned identity (alertSound<-orthrusalertpak.dbr, alertSoundChance<-100.0, characterRacialProfile<-Demon, criticalHitSound<-STRIP(maenadcrithitpak.dbr), deathSound1<-orthrusdeathpak.dbr, distressCallGroup<-STRIP(Maenad), rallySound<-STRIP(maenadrallypak.dbr), rallySoundChance<-0.0, rampageSound<-STRIP(maenadrampagepak.dbr), rampageSoundChance<-0.0, rampageSoundDelay<-0.0, stunSound<-orthrusstunpak.dbr, voxSound<-orthrusvoxpak.dbr, voxSoundChance<-100.0)
  emberteeth_summon: 3 permanent pets from um_emberteeth's own rig (Hero band [18, 43, 58], life [2400.0, 6000.0, 9500.0]) + manual-cast summon button; all 3 soul tiers wired 1/2/3 with every pre-existing fire stat intact
    emberteeth_summon: modified 8 record(s), 1 tag(s)

--- [40/47] soul_identity  (soul identity: no creature drops another named creature's soul (b97)) ---

=== patches-registry: soul identity: no creature drops another named creature's soul (b97) ===
  judged 929 live soul carrier(s) roster-wide (every path, pets + quest proxies excluded) across 616 distinct soul NAME(s); 18 name(s) have NO identity-owning carrier (archetype / name-drift / mod-themed) and are untouched by construction
  9 carrier(s) SKIPPED as unjudgeable (monster or soul display name does not resolve; an unknown identity is never convicted): ['records\\item\\equipmentring\\soul\\test\\swift_ar_archer_08.dbr', 'records\\item\\equipmentring\\soul\\test\\swift_ar_archer_08_e.dbr', 'records\\item\\equipmentring\\soul\\test\\swift_ar_archer_08_l.dbr', 'records\\item\\equipmentring\\soul\\test\\swift_ar_huntress_10.dbr', 'records\\item\\equipmentring\\soul\\test\\swift_ar_huntress_10_e.dbr']
  ZEROED 50% -> 0%  'Daechalcos' (records\creature\monster\antlion\us_frostscarab_35.dbr) was dropping 'Scarabaeus Soul', which belongs to 'Scarabaeus the Desert King'
  ZEROED 25% -> 0%  'Mormo' (records\creature\monster\carrionbird\us_mormo_16.dbr) was dropping 'Storm Crow Soul', which belongs to 'Storm Crow'
  ZEROED 50% -> 0%  'Raghd Bloatworm' (records\creature\monster\djinn\hero_adarathelovely_43.dbr) was dropping 'Adara the Lovely Soul', which belongs to 'Adara the Lovely'
  ZEROED 50% -> 0%  'Thelxiepeia Venomlip' (records\creature\monster\gorgon\us_poisonsiren_14.dbr) was dropping 'Aquardia the Coral Queen Soul', which belongs to 'Aquardia, the Coral Queen'
  ZEROED 50% -> 0%  'Morbi' (records\creature\monster\limos\um_morbi_17.dbr) was dropping 'Venemurax Soul', which belongs to 'Venemurax'
  ZEROED 50% -> 0%  'Masai-yin the Grovekeeper' (records\creature\monster\naiad\ur_masai_43.dbr) was dropping 'Syrinx of the Tainted Meadow Soul', which belongs to 'Syrinx of the Tainted Meadow'
  ZEROED 25% -> 0%  'Xuannu the Twilight Matron' (records\creature\monster\naiad\ur_uber_45.dbr) was dropping 'Syrinx of the Tainted Meadow Soul', which belongs to 'Syrinx of the Tainted Meadow'
  ZEROED 50% -> 0%  'Korat Bearkin' (records\creature\monster\neanderthal\hero_grom_31.dbr) was dropping 'Grom Soul', which belongs to 'Grom'
  ZEROED 50% -> 0%  'Fesil the Quick' (records\creature\monster\ratman\hero_wheedletongue_41.dbr) was dropping 'Wheedletongue the Magnificent Soul', which belongs to 'Wheedletongue the Magnificent'
  ZEROED 50% -> 0%  'Sinnet Patchfur' (records\creature\monster\ratman\hero_wheedletongue_43.dbr) was dropping 'Wheedletongue the Magnificent Soul', which belongs to 'Wheedletongue the Magnificent'
  ZEROED 50% -> 0%  'Blood-Eyes' (records\creature\monster\ratman\um_inkeyes2_45.dbr) was dropping 'Wheedletongue the Magnificent Soul', which belongs to 'Wheedletongue the Magnificent'
  ZEROED 50% -> 0%  'Blood-Eyes' (records\creature\monster\ratman\um_inkeyes_45.dbr) was dropping 'Wheedletongue the Magnificent Soul', which belongs to 'Wheedletongue the Magnificent'
  ZEROED 50% -> 0%  'Colossal Scorpion' (records\creature\monster\scorpion\um_rocksting_29.dbr) was dropping 'Rocksting Soul', which belongs to 'Rock Sting'
  ZEROED 50% -> 0%  'Errak Bonecarver' (records\creature\monster\scorpos\hero_kaaltspeartail_30.dbr) was dropping 'Kaalt Speartail Soul', which belongs to 'Kaalt Speartail'
  ZEROED 50% -> 0%  'Sartt Soulrender' (records\creature\monster\scorpos\hero_kaaltspeartail_33.dbr) was dropping 'Kaalt Speartail Soul', which belongs to 'Kaalt Speartail'
  ZEROED 50% -> 0%  "Wahr'Ner Shadowpaw" (records\creature\monster\shadowstalker\um_wahr_33.dbr) was dropping "Nephi'tek the Lasher Soul", which belongs to "Nephi'tek the Lasher"
  ZEROED 50% -> 0%  'Nazur the Shrouded' (records\creature\monster\shadowstalker\us_nazur_34.dbr) was dropping "Nephi'tek the Lasher Soul", which belongs to "Nephi'tek the Lasher"
  ZEROED 50% -> 0%  "Prince Ch'kik't the Horrible" (records\creature\monster\tropicalarachnos\hero_princech'kik't_37.dbr) was dropping "Z'kar Flamespinner Soul", which belongs to "Z'kar Flamespinner"
  ZEROED 66% -> 0%  'Akara' (records\drxcreatures\xurder\d2npc\01_akara.dbr) was dropping 'Kallixenia ~ Liche Queen Soul', which belongs to 'Kallixenia ~ Liche Queen'
  ZEROED 2% -> 0%  'Nenea Sharpclaw' (records\item\equipmentring\soul\test\us_lysiaspellbreaker_15.dbr) was dropping 'Lysia Spellbreaker Soul', which belongs to 'Lysia Spellbreaker'
  ZEROED 2% -> 0%  'Nenea Sharpclaw' (records\item\equipmentring\soul\test\us_lysiaspellbreaker_15_e.dbr) was dropping 'Lysia Spellbreaker Soul', which belongs to 'Lysia Spellbreaker'
  ZEROED 2% -> 0%  'Nenea Sharpclaw' (records\item\equipmentring\soul\test\us_lysiaspellbreaker_15_l.dbr) was dropping 'Lysia Spellbreaker Soul', which belongs to 'Lysia Spellbreaker'
  NOTE item now undroppable (reviewed waiver, record kept): records\item\equipmentring\soul\svc_uber\kallixenia_soul_e.dbr
  NOTE item now undroppable (reviewed waiver, record kept): records\item\equipmentring\soul\svc_uber\kallixenia_soul_l.dbr
  NOTE item now undroppable (reviewed waiver, record kept): records\item\equipmentring\soul\svc_uber\kallixenia_soul_n.dbr
  22 identity thief record(s) detached from their foreign soul; every affected soul name still drops from its rightful owner
    soul_identity: modified 22 record(s), 0 tag(s)

--- [41/47] coldworm_buffs  (Cold Worm buffs: 3x life / +20% armor / real casting kit / speed (R-39)) ---

=== patches-registry: Cold Worm buffs: 3x life / +20% armor / real casting kit / speed (R-39) ===
  RCA: 8/8 active skill slots were dead before this module
  life x3: [14000.0, 18000.0, 22000.0] -> [42000.0, 54000.0, 66000.0]
    skillName1   records\skills\boss skills\d2custom\coldworm_layegg.dbr -> ondeath_cryptworms.dbr  lvl=[3]  [am_devourer_27 skillName1]
    skillName2   records\skills\boss skills\d2custom\coldworm_summonbugs.dbr -> coldcreep_frostslow.dbr  lvl=[4, 6, 8]  [um_coldcreep_29 skillName1]
    skillName3   records\skills\boss skills\d2custom\coldworm_summonbug.dbr -> drxfreezingblast.dbr  lvl=[3, 4, 5]  [um_coldcreep_29 skillName3]
    skillName4   records\skills\boss skills\d2custom\coldworm_dropceiling.dbr -> iceblasts.dbr  lvl=[2, 4, 6]  [um_coldcreep_29 skillName4]
    skillName5   records\skills\boss skills\d2custom\coldworm_poisongas.dbr -> giantkarkinos_flightofthekondor.dbr  lvl=[1]  [um_deeptresher_47 skillName3 (skillMaxLevel=1)]
    skillName6   records\skills\boss skills\d2custom\coldworm_shockwave.dbr -> cryptworm_megapoisonball.dbr  lvl=[3]  [am_devourer_27 skillName3]
    skillName7   records\skills\boss skills\d2custom\coldworm_shockwave_sec.dbr -> retaliation_1coldperlevelx100levels.dbr  lvl=[40, 55, 70]  [um_coldcreep_29 skillName5]
    skillName9   (absent) -> racial_insectoid.dbr  lvl=[1]  [universal insectoid level]
    skillName10  Records\Game\D2GlobalProperties_Normal01.dbr -> globalproperties_normal01.dbr  lvl=[1, 0, 0]  [vanilla difficulty-scaling convention]
    skillName11  Records\Game\D2GlobalProperties_Epic_Boss.dbr -> globalproperties_epic01.dbr  lvl=[0, 1, 0]  [vanilla difficulty-scaling convention]
    skillName12  Records\Game\D2GlobalProperties_Legendary_Boss.dbr -> globalproperties_legendary01.dbr  lvl=[0, 0, 1]  [vanilla difficulty-scaling convention]
    skillName13  records\skills\boss skills\d2custom\coldworm_initial.dbr -> physdmg_meleeonly.dbr  lvl=[1, 2, 3]  [am_devourer_27 skillName7]
    skillName14  Records\Game\D2Boss_ConversionImmunity.dbr -> boss_conversionimmunity.dbr  lvl=[1, 2, 3]  [Cold Worm's own kept levels (skillMaxLevel=3)]
    skillName15  (absent) -> meleeattack_+5physicalperlvlx100.dbr  lvl=[8, 16, 24]  [boss_scarabaeus_27 (nearest insectoid boss)]
    skillName16  (absent) -> enchantment_cold.dbr  lvl=[10, 12, 14]  [um_coldpaw_29 skillName4]
    skillName17  (absent) -> arachne_close_poisoncloud.dbr  lvl=[14, 17, 20]  [um_sajaki_44 skillName3]
  armor (+20% defensiveProtection via armor_passive level): [60, 174, 360] -> [72, 209, 432]
    anim ref10  '(absent)' -> 'Burst'  (CryptWorm_Skill_Spit.anm)
    anim ref4   'Dive' -> 'Kondor'  (CryptWorm_AttGamma.anm)
    attackSkillName    -> meleeattack_+5physicalperlvlx100.dbr
    initialSkillName   -> enchantment_cold.dbr
    dyingSkillName     -> ondeath_cryptworms.dbr
    specialAttack   -> drxfreezingblast.dbr               50%/2s/4s AnyRange   [um_coldcreep_29 specialAttack (drxfreezingblast)]
    specialAttack2  -> iceblasts.dbr                      50%/5s/2s LongRange  [um_coldcreep_29 specialAttack2 (iceblasts)]
    specialAttack3  -> giantkarkinos_flightofthekondor.dbr 50%/4s/1s AnyRange   [um_deeptresher_47 specialAttack3 (flightofthekondor)]
    specialAttack4  -> cryptworm_megapoisonball.dbr       50%/5.5s/1s LongRange  [am_devourer_27 specialAttack (megapoisonball)]
    specialAttack5  -> arachne_close_poisoncloud.dbr      25%/6s/2s LongRange  [SV's own coldworm_poisongas slot-5 tuning, role preserved]
    characterRunSpeed        0.75 -> 1.8
    characterAttackSpeed     0.800000011920929 -> 1.5
    characterSpellCastSpeed  1.0 -> 1.1
    walkSpeed                1.0 -> 2.0
    maxRotationSpeed         0.30000001192092896 -> 12.0
    minRotationSpeed         0.10000000149011612 -> 9.0
    9 animation playback speeds -> 1 (was 0.15-0.4 on the same rig um_coldcreep_29 runs at 1.0)
  kit repair proof: 8/8 active slots dead BEFORE -> 0 dead AFTER (every slot resolves and every required special animation is bound)
    coldworm_buffs: modified 1 record(s), 0 tag(s)

--- [42/47] general_guardians  (Guardians of the General read as uber (R-100 #18)) ---

=== general_guardians: the Guardians of the General read as uber (R-100 #18) ===
  1. six guardians retuned: scale 1.45 -> 2.0, life -> 45% of their general ([9110, 11387, 13665] / [9110, 11387, 13665] / [9110, 11387, 13665]), regen 5.0, themed resists, orb genericbossorb_03.dbr
  2. signature kits: 12 DISTINCT existing skills over 6 monsters, 0 pet-spawners (b76 density law holds by construction)
  3. chests: 3 dedicated Champion-locked hoards (1 per PAIR, 9 new records each) wired to accessory1/Epic1/Legendary1 - the accessory mechanism hard-caps at ONE chest per difficulty, so this cannot repeat R-100 #9
  4. tags: 3 chest names (tagSVCChestGeneralAGuard, tagSVCChestGeneralBGuard, tagSVCChestGeneralCGuard)
  5. scope OK: 27 record(s) touched, all inside the declared set (6 guards + 3 proxies + 27 new hoard records)
=== general_guardians: DONE ===
    general_guardians: modified 36 record(s), 3 tag(s)

--- [43/47] uber_quest_markers  (placed-uber quest markers (R-39 6th sub-item + R-100 #7 exemption)) ---
  placed-uber quest markers (R-39 6th sub-item + R-100 #7 exemption): roster 24 placed-uber record(s) (2 already marked, 22 newly marked); R-100 #7 EXEMPT 1 record(s) forced to DisplayAsQuestItem=0 (0 newly unmarked): um_bloodtoxeus_99.dbr; excluded 27 retinue/add record(s) with no soul in their chain and 1 SHARED transform form(s); 8 mesh-basename non-record(s) ignored; 0 tag(s)
    uber_quest_markers: modified 22 record(s), 0 tag(s)

--- [44/47] toxeus_hunt_endless  (Endless Hunt: Legendary-only endless pursuit (R-90)) ---

=== [toxeus_hunt_endless] b98 THE ENDLESS PURSUIT (R-90) ===
  controller cloned: MaxPursuitDistance 60 -> 1000 (Aktaios), PursuitTime 20000 -> 100000, Roam -> NeverRoam, ForgiveRate 1.0 -> 0.2; NeverFlee + the ambush identity kept.
  variant authored: um_toxeus_hunt_l_99.dbr = the FINAL base record with ONE field changed (controller); every other field identical by construction.
  poolLegendary1 -> q_toxeus_hunt_lone_endless.dbr (Normal/Epic keep the base kiteable Hunt).
=== [toxeus_hunt_endless] done (verify() runs post-finalization) ===

    toxeus_hunt_endless: modified 4 record(s), 0 tag(s)

--- [45/47] fx_dangling_cleanup  (FX dangling-ref cleanup (B-FX-DANGLING-1 Chris particle slots + BLOODHOUND-DYINGFX gate + F3 spear bumpTexture)) ---
  fx_dangling_cleanup: 3/3 build30-F7a pcsafe record(s) had been RE-MINTED with the dangling ref by the B-SOUL-PROC-2 clone step after F7a ran; this sweep re-strips them (F7a is now redundant, kept as a documented no-op safety net).
  fx_dangling_cleanup: stripped 359 dangling UnarmedProjectile_FX01 particleEffectName slot(s) across 180 record(s) (base-game absence parity; paired particleEffectAttachPoint slots deliberately KEPT - vanilla ships them orphaned); stripped 1 leftover DRX skin field(s) on wep_spear (finishes build30 F3). Scope proof: exactly 181/51151 records changed, all intended.
    fx_dangling_cleanup: modified 181 record(s), 0 tag(s)

--- [46/47] weapon_gate_truth  (B100: weapon/hand gate honesty (Blade Mastery + Parry tooltips)) ---

=== Patch B100: weapon/hand gate honesty (Blade Mastery + Parry) ===
  records\skills\stealth\drx_dual_blade.dbr: gate confirmed weapons=['Axe', 'Sword'] dualWieldOnly=1 (record untouched; text fixed in build_text_arc.TEXT_FIX_TAGS)
  records\skills\warfare\drxdodge attack.dbr: skillBaseDescription 'tagSkillDescription192' -> 'tagParryDESC' (the shared tag stays untouched for naturepetdodge_1%perlevelx100.dbr)
    weapon_gate_truth: modified 1 record(s), 0 tag(s)

--- [47/47] visuals  (visuals) ---
[patches.visuals] OK - 15 records resolve (portal FX + portal classes + TIER1 + TIER2 + sprite chain + optional mystic); arz byte-unchanged.
[patches.visuals] MAP-DELTA manifest (Levels.arc, map lane owns): 16 default injects (+1 if optional mystic_rhodes taken):
    portal_aura: 11
    tier1_delphi: 3
    tier2_rhodes: 2
    optional_mystic [OPTIONAL, default SKIP]: 1
[patches.visuals] parseback +N per host (default wave): delphilowlands04.lvl +3, scrabledeggs_floor06.lvl +2, hiddenvalley01.lvl +1, maze03.lvl +1, catacube02_floorlast.lvl +1, rhodes_secretvista_01.lvl +2, darkforestenter.lvl +2, gardenofmerchants.lvl +3, startingfarmland06d.lvl +1
    visuals: modified 0 record(s), 0 tag(s)
  WARNING collision gate (record(s)): 105 record(s) written by 2+ modules (LATER module wins - legal registry semantics - but is never silent):
    records\creature\monster\abyssalliche\um_sarkoth_99.dbr  <-  boss_skill_fix, uber_quest_markers
    records\creature\monster\dragonian\um_vashkarr_99.dbr  <-  boss_skill_fix, uber_quest_markers
    records\creature\monster\neferkha\um_neferkha_99.dbr  <-  neferkha, uber_quest_markers
    records\creature\monster\questbosses\um_voranthys_99.dbr  <-  boss_skill_fix, uber_quest_markers
    records\creature\monster\sepulchralwyrm\um_broodmother_99.dbr  <-  boss_skill_fix, uber_quest_markers
    records\creature\monster\shadowstalker\um_toxeus_enslaver_99.dbr  <-  toxeus_champion_kits, toxeus_endofallthings, enslaver_shroud, toxeus_souls_100, uber_apex_orb, uber_quest_markers
    records\creature\monster\shadowstalker\um_toxeus_hunt_99.dbr  <-  toxeus_suite, boss_skill_fix, toxeus_hunt_encounter, toxeus_souls_100, uber_apex_orb, uber_quest_markers
    records\creature\monster\skeleton\um_gorrahk_99.dbr  <-  boss_skill_fix, uber_quest_markers
    records\creature\monster\skeleton\um_ilsevar_99.dbr  <-  boss_skill_fix, uber_quest_markers
    records\creature\monster\skeleton\um_kravmoloch_99.dbr  <-  boss_skill_fix, uber_quest_markers
    records\drxmap\proxy\q_general_a_guardpair.dbr  <-  four_generals, general_guardians
    records\drxmap\proxy\q_general_b_guardpair.dbr  <-  four_generals, general_guardians
    records\drxmap\proxy\q_general_c_guardpair.dbr  <-  four_generals, general_guardians
    records\drxmap\proxy\q_toxeus_hunt_lone.dbr  <-  toxeus_hunt_encounter, toxeus_hunt_endless
    records\ingameui\player skills\mastery 1\skillpanebasebitmap.dbr  <-  hunting_occult_ui, mastery_bg_render
    records\ingameui\player skills\mastery 1\skillpanereallocationbitmap.dbr  <-  hunting_occult_ui, mastery_bg_render
    records\ingameui\player skills\mastery 2\skillpanebasebitmap.dbr  <-  hunting_occult_ui, mastery_bg_render
    records\ingameui\player skills\mastery 2\skillpanereallocationbitmap.dbr  <-  hunting_occult_ui, mastery_bg_render
    records\ingameui\player skills\mastery 3\skillpanebasebitmap.dbr  <-  hunting_occult_ui, mastery_bg_render
    records\ingameui\player skills\mastery 3\skillpanereallocationbitmap.dbr  <-  hunting_occult_ui, mastery_bg_render
    records\ingameui\player skills\mastery 4\skillpanebasebitmap.dbr  <-  hunting_occult_ui, mastery_bg_render
    records\ingameui\player skills\mastery 4\skillpanereallocationbitmap.dbr  <-  hunting_occult_ui, mastery_bg_render
    records\ingameui\player skills\mastery 5\skill06.dbr  <-  hunting_occult_ui, mastery_sv_alignment
    records\ingameui\player skills\mastery 5\skill13.dbr  <-  hunting_occult_ui, mastery_sv_alignment
    records\ingameui\player skills\mastery 5\skill18.dbr  <-  hunting_occult_ui, mastery_sv_alignment
    records\ingameui\player skills\mastery 5\skillpanebasebitmap.dbr  <-  hunting_occult_ui, mastery_bg_render, oh_pane_art
    records\ingameui\player skills\mastery 5\skillpanereallocationbitmap.dbr  <-  hunting_occult_ui, mastery_bg_render
    records\ingameui\player skills\mastery 6\skill18.dbr  <-  hunting_occult_ui, mastery_sv_alignment
    records\ingameui\player skills\mastery 6\skillpanebasebitmap.dbr  <-  hunting_occult_ui, mastery_bg_render
    records\ingameui\player skills\mastery 6\skillpanereallocationbitmap.dbr  <-  hunting_occult_ui, mastery_bg_render
    records\ingameui\player skills\mastery 7\skillpanebasebitmap.dbr  <-  hunting_occult_ui, mastery_bg_render
    records\ingameui\player skills\mastery 7\skillpanereallocationbitmap.dbr  <-  hunting_occult_ui, mastery_bg_render
    records\ingameui\player skills\mastery 8\skillpanebasebitmap.dbr  <-  hunting_occult_ui, mastery_bg_render
    records\ingameui\player skills\mastery 8\skillpanereallocationbitmap.dbr  <-  hunting_occult_ui, mastery_bg_render
    records\item\equipmentring\soul\carrionbird\carrionlord_soul_e.dbr  <-  skill_quality, souls_quality
    records\item\equipmentring\soul\carrionbird\carrionlord_soul_l.dbr  <-  skill_quality, souls_quality
    records\item\equipmentring\soul\carrionbird\carrionlord_soul_n.dbr  <-  skill_quality, souls_quality
    records\item\equipmentring\soul\svc_uber\bloodrunner_soul_e.dbr  <-  skill_quality, souls_quality
    records\item\equipmentring\soul\svc_uber\bloodrunner_soul_l.dbr  <-  skill_quality, souls_quality
    records\item\equipmentring\soul\svc_uber\boss_coldworm50_soul_e.dbr  <-  skill_quality, souls_quality
    records\item\equipmentring\soul\svc_uber\boss_coldworm50_soul_l.dbr  <-  skill_quality, souls_quality
    records\item\equipmentring\soul\svc_uber\dagon_soul_e.dbr  <-  skill_quality, souls_quality
    records\item\equipmentring\soul\svc_uber\dagon_soul_l.dbr  <-  skill_quality, souls_quality
    records\item\equipmentring\soul\svc_uber\leinth_soul_e.dbr  <-  skill_quality, souls_quality
    records\item\equipmentring\soul\svc_uber\leinth_soul_l.dbr  <-  skill_quality, souls_quality
    records\item\equipmentring\soul\svc_uber\murderbunny_soul_e.dbr  <-  skill_quality, souls_quality
    records\item\equipmentring\soul\svc_uber\murderbunny_soul_l.dbr  <-  skill_quality, souls_quality
    records\item\equipmentring\soul\svc_uber\n_vio_soul_e.dbr  <-  skill_quality, souls_quality
    records\item\equipmentring\soul\svc_uber\n_vio_soul_l.dbr  <-  skill_quality, souls_quality
    records\item\equipmentring\soul\svc_uber\phlebas_soul_e.dbr  <-  skill_quality, souls_quality
    records\item\equipmentring\soul\svc_uber\phlebas_soul_l.dbr  <-  skill_quality, souls_quality
    records\item\equipmentring\soul\svc_uber\sp_hades_soul_e.dbr  <-  skill_quality, souls_quality
    records\item\equipmentring\soul\svc_uber\sp_hades_soul_l.dbr  <-  skill_quality, souls_quality
    records\item\equipmentring\soul\svc_uber\sp_toxeus_soul_e.dbr  <-  skill_quality, souls_quality
    records\item\equipmentring\soul\svc_uber\sp_toxeus_soul_l.dbr  <-  skill_quality, souls_quality
    records\item\equipmentring\soul\svc_uber\toxeus_hunt_soul_e.dbr  <-  toxeus_suite, toxeus_hunt_encounter
    records\item\equipmentring\soul\svc_uber\toxeus_hunt_soul_l.dbr  <-  toxeus_suite, toxeus_hunt_encounter
    records\item\equipmentring\soul\svc_uber\toxeus_hunt_soul_n.dbr  <-  toxeus_suite, toxeus_hunt_encounter
    records\item\equipmentring\soul\svc_uber\trachius_soul_e.dbr  <-  skill_quality, souls_quality
    records\item\equipmentring\soul\svc_uber\trachius_soul_l.dbr  <-  skill_quality, souls_quality
    records\item\equipmentring\soul\svc_uber\uber_soul_e.dbr  <-  skill_quality, souls_quality
    records\item\equipmentring\soul\svc_uber\uber_soul_l.dbr  <-  skill_quality, souls_quality
    records\item\equipmentring\soul\svc_uber\um_feth_soul_e.dbr  <-  skill_quality, souls_quality
    records\item\equipmentring\soul\svc_uber\um_feth_soul_l.dbr  <-  skill_quality, souls_quality
    records\item\equipmentring\soul\svc_uber\um_prox_soul_e.dbr  <-  skill_quality, souls_quality
    records\item\equipmentring\soul\svc_uber\um_prox_soul_l.dbr  <-  skill_quality, souls_quality
    records\item\equipmentring\soul\svc_uber\z_chooch_soul_e.dbr  <-  skill_quality, souls_quality
    records\item\equipmentring\soul\svc_uber\z_chooch_soul_l.dbr  <-  skill_quality, souls_quality
    records\item\equipmentring\soul\svc_uber\z_dave_soul_e.dbr  <-  skill_quality, souls_quality
    records\item\equipmentring\soul\svc_uber\z_dave_soul_l.dbr  <-  skill_quality, souls_quality
    records\item\equipmentring\soul\svc_uber\z_josh_soul_e.dbr  <-  skill_quality, souls_quality
    records\item\equipmentring\soul\svc_uber\z_josh_soul_l.dbr  <-  skill_quality, souls_quality
    records\item\equipmentring\soul\svc_uber\z_nate_soul_e.dbr  <-  skill_quality, souls_quality
    records\item\equipmentring\soul\svc_uber\z_nate_soul_l.dbr  <-  skill_quality, souls_quality
    records\item\equipmentring\soul\svc_uber\z_shawn_soul_e.dbr  <-  skill_quality, souls_quality
    records\item\equipmentring\soul\svc_uber\z_shawn_soul_l.dbr  <-  skill_quality, souls_quality
    records\item\equipmentring\soul\svc_uber\z_tom_soul_e.dbr  <-  skill_quality, souls_quality
    records\item\equipmentring\soul\svc_uber\z_tom_soul_l.dbr  <-  skill_quality, souls_quality
    records\skills\earth\drx_firenova.dbr  <-  mastery_ui_audit, mastery_unlock_alignment
    records\skills\earth\drxrupture.dbr  <-  mastery_ui_audit, mastery_unlock_alignment
    records\skills\earth\drxrupture_burning.dbr  <-  mastery_ui_audit, mastery_unlock_alignment
    records\skills\soulskills\pcsafe\arachne_venomspray.dbr  <-  skill_quality, fx_dangling_cleanup
    records\skills\soulskills\pcsafe\hero_sonicwave.dbr  <-  skill_quality, fx_dangling_cleanup
    records\skills\soulskills\pcsafe\yeti_sonicroar.dbr  <-  skill_quality, fx_dangling_cleanup
    records\skills\soulskills\pets\hadesmarshal_1.dbr  <-  four_generals, enslaver_pet_fx
    records\skills\soulskills\pets\hadesmarshal_2.dbr  <-  four_generals, enslaver_pet_fx
    records\skills\soulskills\pets\hadesmarshal_3.dbr  <-  four_generals, enslaver_pet_fx
    records\skills\stealth\drxdarklings.dbr  <-  hunting_occult_improvements, mastery_sv_alignment
    records\skills\storm\drxfrostnova.dbr  <-  mastery_ui_audit, mastery_unlock_alignment
    records\skills\warfare\drx_clubslam_fissure.dbr  <-  mastery_ui_audit, mastery_unlock_alignment
    records\xpack\creatures\monster\lostsoul\um_dorus_99.dbr  <-  boss_skill_fix, uber_quest_markers
    records\xpack\creatures\monster\machae\svc_general_a_guard1.dbr  <-  four_generals, general_guardians
    records\xpack\creatures\monster\machae\svc_general_a_guard2.dbr  <-  four_generals, general_guardians
    records\xpack\creatures\monster\machae\svc_general_b_guard1.dbr  <-  four_generals, general_guardians
    records\xpack\creatures\monster\machae\svc_general_b_guard2.dbr  <-  four_generals, general_guardians
    records\xpack\creatures\monster\machae\svc_general_c_guard1.dbr  <-  four_generals, general_guardians
    records\xpack\creatures\monster\machae\svc_general_c_guard2.dbr  <-  four_generals, general_guardians
    records\xpack\creatures\monster\machae\svc_um_hadesmarshal_80.dbr  <-  four_generals, uber_quest_markers
    records\xpack\creatures\monster\siegestrider\um_helepolis_99.dbr  <-  diadochi, boss_skill_fix, uber_quest_markers
    records\xpack\creatures\monster\skeleton\um_bloodtoxeus_99.dbr  <-  toxeus_suite, toxeus_champion_kits, black_poison, toxeus_endofallthings, toxeus_souls_100, uber_apex_orb
    records\xpack\game\gameengine.dbr  <-  damage_display, death_xp_penalty, tombstone_xp_recovery
    records\xpack\item\loottables\arcaneformulae\supra.dbr  <-  uber_orphan_weapons, toxeus_endofallthings
    records\xpack\item\loottables\arcaneformulae\supra_special.dbr  <-  uber_orphan_weapons, toxeus_endofallthings
    records\xpack\ui\skills\mastery 9\skillpanebasebitmap.dbr  <-  mastery_ui_audit, mastery_bg_render
    records\xpack\ui\skills\mastery 9\skillpanereallocationbitmap.dbr  <-  mastery_ui_audit, mastery_bg_render
  collision gate (tag(s)): none written by 2+ modules (clean)

=== patches-registry: 47 module(s) OK, order 9006cb7e44d2 ===
======================================================================
  b50 pet-name whiten: 21 colored pet name(s) -> plain white sibling tag (shared hostile world tag left red):
    bloodtoxeus_1.dbr: tagMonsterHemorrheus -> tagMonsterHemorrheusPet ('Toxeus the Murderer, Devourer of Blood')
    bloodtoxeus_2.dbr: tagMonsterHemorrheus -> tagMonsterHemorrheusPet ('Toxeus the Murderer, Devourer of Blood')
    bloodtoxeus_3.dbr: tagMonsterHemorrheus -> tagMonsterHemorrheusPet ('Toxeus the Murderer, Devourer of Blood')
    broodmother_1.dbr: tagSVCMonsterBroodmother -> tagSVCMonsterBroodmotherPet ('The Broodmother of the Deep')
    broodmother_2.dbr: tagSVCMonsterBroodmother -> tagSVCMonsterBroodmotherPet ('The Broodmother of the Deep')
    broodmother_3.dbr: tagSVCMonsterBroodmother -> tagSVCMonsterBroodmotherPet ('The Broodmother of the Deep')
    voranthys_1.dbr: tagSVCMonsterVoranthys -> tagSVCMonsterVoranthysPet ('Voranthys, the Sepulchral')
    voranthys_2.dbr: tagSVCMonsterVoranthys -> tagSVCMonsterVoranthysPet ('Voranthys, the Sepulchral')
    voranthys_3.dbr: tagSVCMonsterVoranthys -> tagSVCMonsterVoranthysPet ('Voranthys, the Sepulchral')
    enslaver_marauder_1.dbr: tagSVCMonsterEnslaverMarauder -> tagSVCMonsterEnslaverMarauderPet ('Enslaved Shadow Marauder')
    enslaver_marauder_2.dbr: tagSVCMonsterEnslaverMarauder -> tagSVCMonsterEnslaverMarauderPet ('Enslaved Shadow Marauder')
    enslaver_marauder_3.dbr: tagSVCMonsterEnslaverMarauder -> tagSVCMonsterEnslaverMarauderPet ('Enslaved Shadow Marauder')
    toxeus_enslaver_1.dbr: tagSVCMonsterEnslaver -> tagSVCMonsterEnslaverPet ('Toxeus the Murderer, Enslaver of Souls')
    toxeus_enslaver_2.dbr: tagSVCMonsterEnslaver -> tagSVCMonsterEnslaverPet ('Toxeus the Murderer, Enslaver of Souls')
    toxeus_enslaver_3.dbr: tagSVCMonsterEnslaver -> tagSVCMonsterEnslaverPet ('Toxeus the Murderer, Enslaver of Souls')
    hadesmarshal_1.dbr: tagSVCMonsterHadesMarshal -> tagSVCMonsterHadesMarshalPet ('Menoetes, Marshal of the Dead')
    hadesmarshal_2.dbr: tagSVCMonsterHadesMarshal -> tagSVCMonsterHadesMarshalPet ('Menoetes, Marshal of the Dead')
    hadesmarshal_3.dbr: tagSVCMonsterHadesMarshal -> tagSVCMonsterHadesMarshalPet ('Menoetes, Marshal of the Dead')
    toxeus_eoat_1.dbr: tagMonsterToxeusEoAT -> tagMonsterToxeusEoATPet ('Toxeus the Murderer, End of All Things')
    toxeus_eoat_2.dbr: tagMonsterToxeusEoAT -> tagMonsterToxeusEoATPet ('Toxeus the Murderer, End of All Things')
    toxeus_eoat_3.dbr: tagMonsterToxeusEoAT -> tagMonsterToxeusEoATPet ('Toxeus the Murderer, End of All Things')

=== build29 wave: granted-skill castability + contract fixes ===
  wave29 contract fixes: 8 soul name tag(s), 4 crowboar augment level(s), 5 ancestralwarrior skill ref(s), 1 spawn pool(s), 25 pet classification(s)
  F5: Flame Nova cd 8->4; Occult Flash Powder cd 15->6 + pierce + ranged-blind; soul Flash Powder cd 20->10; droolbog -> base flashpowder
  A3: Makaria Venom Cloud cd 25->8; A4: Anapaest Earth Fury cd 16->5 (plain earthfury_ring pre-wave; pcsafe clone inherits)
  F3 Ground Smash de-filler: kept 27 roster records, 0 -> myrto_tremor (camelbane), 21 -> stat-only

  B-SOUL-PROC-2: universally playable PC anims = ['aoe360', 'colossus']
  B-SOUL-PROC-2: 0 skill(s) cloned to pcsafe with anim removed; 0 soul grant(s) repointed; 0 Enemy controller(s) given base-parity autoTargetRadius (of 39 seen)

=== build30 wave: D-item fixes ===
  wave30 fixes: 4 hanif pet nameplate(s) -> tagMonsterName1198 (Hanif the Cruel)
  wave30 D6: rest-skill all-resist penalty -300% -> -1000% (6 fields on drxrest_skillbuff)
  blade-dancer invisible-body fix (D5): repointed 6 record(s) off DRX\meshes\melinoe01.msh -> base Melinoe01.msh
  F3 supra invisible weapons: wep_dagger -> hochdorflordsdagger01, wep_spear -> RSpear14B (+ DRX skin stripped)
  F5 glacial orb: projectile mesh -> ShardIce01 (shader-verified)
  F7a pcsafe souls: stripped 0 dangling UnarmedProjectile_FX01 particle refs (3 records)
  F7b Melee_Poison: repointed 7 dangling skillName refs -> attackmelee_poison09-12_10
  F10 melalos souls: itemSkillLevel normalized to 1/2/3 (3 records)

=== build36 A1: pet builder overhaul gates ===
  A1 pet-summon relocation: swept 237 soul pets, relocated buff-slot summon(s) into AI-fired slots on 9 pet(s)
  F7d Dayria: dayria_wolfsummons -> specialAttack3 + registered on 3 soul pets
  PET-STAT-MIRROR gate OK: 23 summon families mirror source cadence + attributes (no Lyia archer-clone fingerprint)
  PET-GEAR-PARITY gate OK: 23 summon families carry exactly their source's gear (both directions)
  PET-SKILL-KIT gate OK: 237 soul pets - every summon in an AI-fired slot, no hostile spawner on a friendly pet

=== build36 A8: Rune Golem panel-button gate ===
  RUNEMASTER-GOLEM-BUTTON gate OK: Skill23 wired into both mastery-10 panectrl overrides -> the golem skill appears on the Runemaster tree
  Boss-kit clone-shape invariant OK: 17 clone pair(s) keep donor field shape.
  Pool-count lock: neutralized the inherited spawn-count equation on 28 of 41 mod-authored spawn pool(s) (literal spawn/champion counts now hold -> no player-scaled boss dup).
  b41 apex-boss pool-count lock: neutralized the inherited spawn-count equation on 0 of 4 b41-placed apex pool(s) (canonical map: each apex boss now spawns exactly ONE).
  Boss-chest standardization: repointed 15 bespoke hoard chest(s) to region-tuned base boss loot (Cyclops-grade, no guaranteed-unique; 0 tier(s) skipped for un-built chests).
  World-chest verify: 4 fixed ubers carry NO bespoke chest; 4 world-chest prox/ies built (map lane places 3x each).
  Spawn-eligibility invariant OK: 45 mod-authored spawn proxy(ies) spawn their boss on N/E/L with adds.

=== Patch U: Repair DRX supra craftable dead references ===
  itemCostName: repaired 23 record(s) (recordsgameitemcost_uniquelegendary_primary.dbr -> itemcost_uniquelegendary_primary.dbr)
  buffSkillName: repaired 1 record(s) (hunter_helm_galefurybuff.dbr -> xhunter_helm_galefurybuff.dbr)
  Total supra dead references repaired: 24 value(s) across 24 record(s)
  Soul-leak invariant OK: 0 non-Hero/Boss/Quest creatures drop a soul.
  Soul-augment invariant OK: every soul augment/proc/item-skill reference resolves.
  MANUAL-CAST backstop: no mod-authored summon soul carried a stray on-attack controller
  F3 foulbeast pets: zeroed 3 naked equip-chance slot(s) so the restored SV summon is contract-clean
  B-SOUL-PROC-1 level backstop: fixed 0 level-0 item-skill grant(s) + 8 level-0 augment(s) (-> per-tier n/e/l=1/2/3)
  Soul item-skill activation invariant OK: 1395 granted-skill soul(s) all have resolving Skill_* + itemSkillLevel >= 1 + playable anims + live controllers.
  C6 Dorus soul-amendment gate OK: ichthian tidal-strike grant + greed run-speed downside + tiered fear (2/3/4) present on all 3 soul tiers
  [quality-pass WARN] over-shared element fillers (tracked, not failed): arachne_venomspray.dbr=7, firefragmentnova.dbr=14, gargantuanyeti_iceblast.dbr=2, hero_sonicwave.dbr=1, lifedrain.dbr=11, melinoe_bloodboil.dbr=8, ringoflightning.dbr=8, toxeus_flashpowder.dbr=4
  F3 granted-skill diversity gate OK: Ground Smash on its 6-soul roster only; no new mass-assignment > 15
  F2 soul-summon-identity gate OK: every registered summon soul (23 families) spawns its dropper's body
  F6 soul naming: curated '{^F}<Monster> Soul' standard on 53 tags + auto-standardized 0 uncovered 'Soul of X' OURS soul(s); SV-original-path names untouched
  F6 soul-naming gate OK: 83 OURS-path souls follow '{^F}<Monster> Soul'; 2158 SV-original paths auto-whitelisted

=== Patch MP: Fix multiplayer spawn-scaling equations ===
  replacement family: QUADRATIC (best co-op fidelity; default)
  Rewrote 44 spawn/champion equation value(s) across 11 proxy record(s) to '/'-free AE-valid form

=== Patch: grid portal ENTRANCE -> born-open GridEntrance (unconditional open + visible, no quest) ===
  records\quests\portal_olympianarena1.dbr: Class GridEntranceDynamic -> GridEntrance; record_type 'GridEntranceDynamic' -> 'GridEntrance'; dropped ['openIdleAnimationSpeed', 'openingAnimationSpeed', 'quest', 'visibilityMode']; mesh kept='XPack\\SceneryUnderground\\TowerJudgement\\SetDress\\TJ_JudgementRoom_PortalObject_01.msh'
  SKIP records\quests\portal_olympianarena1x.dbr: Class='FixedItemTeleport' (not a dynamic grid entrance)
  Portal visual (B-PORTAL-1): mesh -> XPack\SceneryHades\Structure\Building\SetDress\Elysium_from_TOJ_PortalObject_01.msh on 2 record(s)
  A4 Aphiastas-zero: chanceToEquipFinger2=0 on 3/7 keres records (souls-only Finger2 verified; loot refs + any potion formula untouched); 4 already de-wired at the root by F1 (skipped)
  RELEASE BUILD: tuned soul drop rates kept (66% Hero/Quest, 25% Boss)
  F7c soul flavor text: wired itemText -> DESC on 139 soul records

======================================================================
=== patches-registry: post-finalization verify() hooks ===
======================================================================
  verify [mastery_bg_render] (Mastery pane BLACK-BACKGROUND render fix (BitmapSingle -> vanilla BitmapUIAware + controller sibling; + shared chrome repoint)) ...

=== mastery_bg_render.verify: pane structure + no SkillsPanel refs ===
  OK: 18 panes BitmapUIAware w/ bitmapNames; 0 live SkillsPanel refs
  verify [oh_pane_art] (Occult (mastery 5) tree-pane background art fix - vanilla Stealth backdrop -> bespoke DRX dark tablet (Hunting verified OK)) ...

=== oh_pane_art.verify: Occult art holds, Hunting untouched ===
  OK: Occult base pane = dark DRX tablet (mouse) + vanilla controller sibling; Occult reallocation + all Hunting untouched
  verify [skill_quality] (skill_quality) ...
  [skill_quality diversity] approaching-cap (6..8, non-fatal): alcestis_batflurry.dbr=7
  skill_quality diversity gate OK: 8 family skills locked to roster [arachne_venomspray.dbr=7/8, cyclops_groundsmash.dbr=6/6, firefragmentnova.dbr=14/15, harpy_lightningaura.dbr=8/9, lifedrain.dbr=11/12, melinoe_bloodboil.dbr=8/8, ringoflightning.dbr=8/10, toxeus_flashpowder.dbr=4/4]; no unrostered skill > 8
  verify [toxeus_suite] (toxeus_suite) ...
  [D] champion-count-cap invariant OK: 2 Blood-Toxeus pool(s) (ambush + deep-chest; the parchment pool was retired 2026-07-14) each surface <= 1 Toxeus at any party size 1-6, all proxyPoolEquation-neutralized; the per-player scroll is the only new MP surface (live-test-gated).
  Spawn-eligibility invariant OK: 45 mod-authored spawn proxy(ies) spawn their boss on N/E/L with adds.
  Soul-leak invariant OK: 0 non-Hero/Boss/Quest creatures drop a soul.
  Soul-augment invariant OK: every soul augment/proc/item-skill reference resolves.
  Soul item-skill activation invariant OK: 1395 granted-skill soul(s) all have resolving Skill_* + itemSkillLevel >= 1 + playable anims + live controllers.
  [quality-pass WARN] over-shared element fillers (tracked, not failed): arachne_venomspray.dbr=7, firefragmentnova.dbr=14, gargantuanyeti_iceblast.dbr=2, hero_sonicwave.dbr=1, lifedrain.dbr=11, melinoe_bloodboil.dbr=8, ringoflightning.dbr=8, toxeus_flashpowder.dbr=4
  F3 granted-skill diversity gate OK: Ground Smash on its 6-soul roster only; no new mass-assignment > 15
  F6 soul-naming gate OK: 83 OURS-path souls follow '{^F}<Monster> Soul'; 2158 SV-original paths auto-whitelisted
  [toxeus_suite] self-gate PASS: champion-cap + spawn-eligibility + soul (leak/augment/activation/diversity/naming) + no-slash re-verified over the final db.
  verify [toxeus_champion_kits] (toxeus_champion_kits) ...
  [toxeus_champion_kits].verify: OK (4 new skills castable [no special anim]; Devourer Tears@2 + Enslaver Soul-Rip@2/Chains@3/Dominion@4 wired @chance>0; all new kit skills level>=1; no level-0 special on either champion).
  verify [damage_display] (Damage display font-styles (AE floating combat text)) ...
  verify [death_xp_penalty] (Death XP penalty -90% (R-80)) ...
  death_xp_penalty.verify OK: xpack gameengine deathPenaltyEquation divisor 90 + deathPenaltyMax 50000 + deathPenaltyMin 0 (dtypes STR/INT intact); reduction is a uniform -90.0%% over L1-1000 x N/E/L; all 5 dead gameengine lookalikes byte-equal to their vanilla values.
  verify [tombstone_xp_recovery] (tombstone XP recovery == XP lost (R-109)) ...
  tombstone_xp_recovery.verify OK: RedemptionMultiplier = 1.0 (FLOAT); XP recovered from the death marker == XP lost to the death penalty EXACTLY on 3012 checked points (L1-1000 x Normal/Epic/Legendary against the LIVE penalty - divisor 90, cap 50000, min 0 - plus the realised-loss domain up to the float32 bound); the cap is 336x inside the float32 exact-integer bound 16777216; all 5 dead gameengine lookalikes still at 0.5; gravestonegreece.dbr intact (Class FixedItemGravestone).
  verify [thrown_restore] (Thrown-wielder restore (b64): restore base+IT throwers into their existing pools) ...
  thrown_restore.verify: OK (10 records restored in place, 9 with confirmed reachable base pool membership, 1 orphan-in-vanilla flagged, 0 new records, 0 new pools)
  verify [boss_skill_fix] (boss_skill_fix) ...
  boss_skill_fix.verify: OK (roster um_*_99 clean of level-0 specials; all enables survived finalization)
  verify [legion_soul_stages] (Legion soul-stages (one soul per death-transform encounter)) ...
  legion_soul_stages.verify OK: no death-transform chain drops the same soul from >1 stage (0 same-soul chain(s) already reduced; 4 distinct-soul chain(s) reported for design ruling; 0 empty-chain inverse candidate(s)).
  verify [double_soul_rulings] (Double-soul rulings (Possessed Boar + Lillued fixed; Charon/Hades untouched)) ...
  double_soul_rulings.verify OK: Possessed Boar + Lillued heads detached (dup/husk souls retired, terminals untouched); Charon 39/41/43 + Hades 54 byte-identical to pre-apply (Will's ruling); legion_soul_stages distinct-soul roster shrank 6 -> 4 as expected.
  verify [enslaver_pet_fx] (enslaver_pet_fx) ...
  enslaver_pet_fx.verify: OK (Enslaver + marauder soul-pets carry the black shroud, zero green Lyia residue; chain icon+portrait on-identity across all 5 rostered families incl. R-43 Blood Cult High Priest; race + voice paks match each pet's own source, b81; second-lineage race/voice gate OK: 24 pets across 8 families, b81r2)
  verify [souls_quality] (Souls quality (roster tier inversion x5 + svc_uber per-tier icons + crow-summon manual-cast + tombguardian retire)) ...
    souls_quality verify OK: roster tiers monotonic (n<=e<=l) AND strictly progressing (epic>normal, legendary>epic on some scaled field; b78 Blood Cult High Priest gate) across every soul family + per-tier svc_uber icons correct + roster-wide companion summons manual-cast (no mod-introduced on-attack re-summon, SV098-derived) + tombguardian soul retired
  verify [aura_radius] (Aura radius widening (BL-AURA-RADIUS)) ...
  [aura_radius] verify OK: 72 widened aura(s) all >= target radius (party 36 / pet 18)
  verify [svaera_sets] (SVAERA 5-set re-link (Thoth/Hector/Pythia/Patroclus/Hephaestus)) ...
  svaera_sets.verify OK: 5/5 sets present, 13/13 members linked + round-trip itemSetName verified, 5/5 tags resolve.
  verify [turtleshell_relics] (Turtle-shell-pattern relics (Reveler's Ruse; Dune Fiend already-has-one guard)) ...
  turtleshell_relics.verify OK: Reveler's Ruse 3/3 charms + 6/6 archer bodies wired; Dune Fiend pre-existing relic intact (no duplicate authored).
  verify [uber_orphan_weapons] (B66: 14 orphan weapons -> supra uber tier) ...
  uber_orphan_weapons.verify: 14 results + 14 formulas resolve, wired in both supra tables, identity skills intact, all tags present
  verify [formula_names] (B80: formula name audit - Galefury mislabeled as Crystalline Mask) ...
  [B80] supra formula-name tag-sharing gate ...
  [B80] supra formula-name tag-sharing gate: PASS (no cross-result tag sharing)
  verify [mastery_sv_alignment] (BUILD45 mastery SV-alignment (Occult/Hunting shapes + emblem x9 + col6 restack [Darklings/DarkAp/ThrowKnife/Flurry, adjacent bars] + Dark Invigoration TRUE-augments Shadow Link)) ...

=== mastery_sv_alignment.verify: re-assert every b70 fix ===
  OK: A(4 shapes) B(9 emblems, 18 tex resolved) C(col6 restack: Darklings t3/DarkAp t4/ThrowKnife t5/Flurry t6 + adjacent bars + tiers + gates + bindings) D(Dark Invig TRUE-augments Shadow Link: tree-order + wire) F(TC + Stalker chains intact)
  verify [summon_caps] (summon_caps) ...
  summon_caps.verify: 4 sepulcher-chain summon skills all carry a finite spawn-TTL (b76)
  summon_caps.verify: no new unbounded fast summoners (8 waived: base/dead/test, each evidenced)
  verify [mastery_unlock_alignment] (b77 mastery UNLOCK-ALIGNMENT (Spirit DW GT-rows + Warfare col3 restack + Earth col4 re-tier + Defense/Storm gate leans + Storm broken-button retire)) ...

=== mastery_unlock_alignment.verify: re-assert every b77 fix ===
  OK: A(Spirit DW rows + DCA relocate) B(3 gate leans) C(Warfare col3 restack + hamstring) D(Earth col4 re-tier + 2 bar repairs) E(Storm skill25 retired)
  verify [black_poison] (black_poison) ...
  black_poison.verify OK: svc_black_poison is BLACK (dark tint 0.10, dark-smoke weapon pak, poison+vitality); Devourer fought-monster (initial+skillName3) + 3 soul pets (skillName3 crimson + buffSelfSkillName GREEN) all repointed to black; zero green/crimson tint OR envenom self-buff survives.
  verify [toxeus_endofallthings] (toxeus_endofallthings) ...
  toxeus_endofallthings.verify OK: soul->formula(3 legendary souls, craftable)->summon->3 pets (full kit incl Ararat corruption @ levels, unlimited energy, BLACK poison [b83 svc_black_poison], zero green, stats exceed Enslaver ceiling, licheking identity, EoAT name) + disciple thralls (hound summon attached) + NO supra unique worn (B-SUMMON-1-safe) + Rite obtainable via supra pools + both boss kills (R-9/R-13).
  verify [sargoth_soul_summon] (Sargoth Manbane soul -> summons Sargoth Manbane (R-51)) ...
  [sargoth_soul_summon] verify OK: all 3 Sargoth Manbane soul tiers grant summon_sargoth (manual-cast, levels [1, 2, 3]), 3 permanent named Beastman pets built from hero_tarthon_na'arak_37
  verify [toxeus_hunt_encounter] (Endless Hunt encounter (R-90/R-92/R-93/R-94): ungate, Rite, spear, pursuit kit) ...
  [toxeus_hunt_encounter].verify OK: fixed encounter resolves on N/E/L; Rite at 100 percent Misc4 with the recipe still gated on LEGENDARY souls; Runbreaker x3 + a playable spear animation block (3 borrowed poses, provenance proven); pursuit kit wired, named and no longer an Enslaver clone; EVERY populated cast slot castable on every row he can read; his soul grants his own mark at a level the skill has.
  verify [enslaver_shroud] (Enslaver persistent black shroud (R-95)) ...
  [enslaver_shroud].verify OK: persistent shroud on the marauders' own confirmed shadowcloak smoke, visual-only (no payload, no tint), in a FREE Enslaver skill slot; his running FX and the marauders' are untouched. IN-GAME BLACK IS NOT CLAIMED (BL-b98-DEBT-2: the mesh-embedded green).
  verify [toxeus_souls_100] (toxeus champion souls -> 100% drop (R-48 + R-91)) ...
  [toxeus_souls_100] verify OK: all 3 Toxeus champions at 100% soul drop with their soul families + dropItems intact
  verify [leinth_wave] (Leinth the Blood Witch - honour guard + staged poison rigs + buff (R-73, R-76)) ...
  [leinth_wave] verify OK: 3 variants at life [52000, 57000, 62000] / phys 35 / pierce 45 / poison 15 (weakness REMOVED, not immunity); BOTH staged acid rigs live @ specialAttack5 chained to her own copies AND CASTABLE (anim 'SpitSummon', bound in anm_leinth; xpack Cerberus untouched); Blood Boil castable at last ('BloodBoil' -> 'ThunderClap', shared donor untouched); Crimson Tithe @ dyingSkillName; geysers PINNED at the shipped [1, 4, 7] (DORMANT: no cast slot + unbound 'Roar' - reported, not faked); ugly swarm AS SHIPPED ([4, 6, 8]/16/no-TTL); honour guard = 2 named cult champions at [47, 62, 74] via the escort LAW (spawnMax 3 - championMax 2 = 1 Leinth, equation neutralized), the Voice's bloodbeast at skillLevel4 [5, 10, 15] (round 1 left it level-0) and the Reaver's 2 cast-aborting slots repointed; 0 cast-aborting and 0 level-0 slots across all 5 records; drops untouched; still below the Enslaver
  verify [uber_apex_orb] (uber apex orb - ONE apex drop calibre for the WHOLE Toxeus roster AND Leinth (R-72 + R-99)) ...
  [uber_apex_orb] verify OK: the DERIVED Toxeus roster is 8 record(s) (um_toxeus_enslaver_99, um_toxeus_hunt_99, um_toxeus_hunt_l_99, um_toxeus_21, um_bloodtoxeus_99, um_toxeus_99, old_z_toxeus, z_toxeus) and EVERY one is on genericbossorb_05, with the orb05 carrier set EXACTLY equal to it (no scope creep); Leinth's 3 chests on the SAME apex tables + level equation; chain resolves on n/e/l; all four calibre knobs >= her original chest; her bespoke mesh/name/gold generator intact and her variants still on her own proxy; no-nerf proof green on all 6 loot groups x 3 difficulties; donor tiers intact (orb04 19 other consumers, orb01 10); R-48/R-91 100% souls intact on all 3 fought champions
  verify [emberteeth_summon] (SOUL-EMBERTEETH-SUMMON (Will 2026-07-14: 'emberteeth soul should let you summon him')) ...
  emberteeth_summon.verify OK: 3 permanent Emberteeth pets on his own mesh + race, manual-cast summon button (non-nymph icon), all 3 soul tiers at itemSkillLevel 1/2/3 with their fire payload intact
  verify [soul_identity] (soul identity: no creature drops another named creature's soul (b97)) ...
  [soul_identity] verify OK: no creature drops another named creature's soul (identity checked on display names, every record path, pets + quest proxies excluded)
  verify [coldworm_buffs] (Cold Worm buffs: 3x life / +20% armor / real casting kit / speed (R-39)) ...
    coldworm_buffs verify OK: life [42000.0, 54000.0, 66000.0] (3x), armor_passive [72, 209, 432] (+20%), speed profile applied, 8/8 active skill slots resolve with every required special animation bound, 3-tier soul + loot triple intact @66%
  verify [general_guardians] (Guardians of the General read as uber (R-100 #18)) ...
  Guardians of the General read as uber (R-100 #18) verify OK: 6 guardians at scale 2.0 (donor 1.50 / general 1.65), life [9110, 11387, 13665] / [9110, 11387, 13665] / [9110, 11387, 13665] (45% of their general, never above it), 12 distinct signature skills all resolving and all pet-free, orb genericbossorb_03.dbr (R-99 apex + the marshal tier untouched, 6 other consumers intact), 3 Champion-locked hoards = ONE chest per pair, rank/soul policy unchanged, all 6 generals still Quest-class with their souls.
  verify [uber_quest_markers] (placed-uber quest markers (R-39 6th sub-item + R-100 #7 exemption)) ...
  placed-uber quest markers (R-39 6th sub-item + R-100 #7 exemption) verify OK: 25/25 placed-uber records carry DisplayAsQuestItem=1 (incl. every dedicated transform-chain form); 1 R-100 #7 exempt record(s) at DisplayAsQuestItem=0 (um_bloodtoxeus_99.dbr); 27 retinue/add records correctly unmarked; 1 shared transform form(s) correctly left alone; 3 pre-existing anchors intact
  verify [toxeus_hunt_endless] (Endless Hunt: Legendary-only endless pursuit (R-90)) ...
  [toxeus_hunt_endless].verify OK: Legendary resolves the endless variant (pursuit 1000 / 100000 / NeverRoam, NeverFlee kept); Normal and Epic keep the base Hunt; base and variant differ in EXACTLY 'controller'; the 15-monster shared donor controller is untouched.
  verify [fx_dangling_cleanup] (FX dangling-ref cleanup (B-FX-DANGLING-1 Chris particle slots + BLOODHOUND-DYINGFX gate + F3 spear bumpTexture)) ...
  Read 10000/74013...
  Read 20000/74013...
  Read 30000/74013...
  Read 40000/74013...
  Read 50000/74013...
  Read 60000/74013...
  Read 70000/74013...
  Loaded: 74013 records, 190522 strings
  fx_dangling_cleanup.verify OK: 0 Chris particle refs remain; 34 dyingFxPak ref(s) all resolve [union(mod+base)]; 6/6 summoned bloodhounds on fxpak_deathfx_burst; wep_spear DRX skin fields absent
  verify [weapon_gate_truth] (B100: weapon/hand gate honesty (Blade Mastery + Parry tooltips)) ...

=== Gate B100: weapon/hand gate honesty ===
  OK: 2 contracted record(s) match their tooltip's stated gate; no uncontracted dualWieldOnly player skills (10 waived).
  verify hooks OK: mastery_bg_render, oh_pane_art, skill_quality, toxeus_suite, toxeus_champion_kits, damage_display, death_xp_penalty, tombstone_xp_recovery, thrown_restore, boss_skill_fix, legion_soul_stages, double_soul_rulings, enslaver_pet_fx, souls_quality, aura_radius, svaera_sets, turtleshell_relics, uber_orphan_weapons, formula_names, mastery_sv_alignment, summon_caps, mastery_unlock_alignment, black_poison, toxeus_endofallthings, sargoth_soul_summon, toxeus_hunt_encounter, enslaver_shroud, toxeus_souls_100, leinth_wave, uber_apex_orb, emberteeth_summon, soul_identity, coldworm_buffs, general_guardians, uber_quest_markers, toxeus_hunt_endless, fx_dangling_cleanup, weapon_gate_truth
======================================================================
  Soul report: work\SoulvizierClassic\Database\uber_souls_report.md
  Tags file: work\SoulvizierClassic\Database\uber_soul_tags.txt (28 uber + 2 legacy + 392 extended + 6 thrown + 8 graft)

=== Patch: Fix soul inventory icon bitmaps ===
  Soul bitmap paths fixed: 2113
  Container loot contract: PASS (modified FixedItemLoot records; 48 base-precedented idiom slot(s) noted)

Writing output...
  stage baseline persisted: C:\Users\willi\repos\tqit_soulvizier_classic\.claude\worktrees\visibility\local\db_backups\SoulvizierClassic_pre-6a3a491d.arz (md5 6a3a491db546b603c52132237c40aa63, 55,475,226 B)
    -> record-diffs against this build stay reproducible after session scratchpads are cleaned (B-GATE-HARDEN-1)
Writing 51151 records to work\SoulvizierClassic\Database\SoulvizierClassic.arz...
  Modified records: 38603
  Written 10000/51151...
  Written 20000/51151...
  Written 30000/51151...
  Written 40000/51151...
  Written 50000/51151...
  Size: 55485062 bytes (52.9 MB)
  Read 10000/51151...
  Read 20000/51151...
  Read 30000/51151...
  Read 40000/51151...
  Read 50000/51151...
  Loaded: 51151 records, 143450 strings
  Read 10000/74013...
  Read 20000/74013...
  Read 30000/74013...
  Read 40000/74013...
  Read 50000/74013...
  Read 60000/74013...
  Read 70000/74013...
  Loaded: 74013 records, 190522 strings
  Read 10000/51186...
  Read 20000/51186...
  Read 30000/51186...
  Read 40000/51186...
  Read 50000/51186...
  Loaded: 51186 records, 140943 strings
========================================================================
SUMMON PET VALIDATOR (B-SUMMON-1 gate)
  .arz                : work\SoulvizierClassic\Database\SoulvizierClassic.arz
  base .arz           : C:\Program Files (x86)\Steam\steamapps\common\Titan Quest Anniversary Edition\Database\database.arz
  upstream .arz       : C:\Users\willi\repos\tqit_soulvizier_classic\upstream\soulvizier_098i\Database\database.arz
  soul summon chains  : 287
  pet records checked : 262
  STRICT failures     : 0
  upstream warnings   : 134
========================================================================

WARN (upstream-proven pets; SV shipped these, engine skips gracefully - not build-blocking):

[WARN] records\item\equipmentring\soul\awakeneddeadsoldier_soul_n.dbr -> records\skills\soulskills\skeleton_summon.dbr
    summon soul carries itemSkillAutoController 'records\xpack\ai controllers\autocast_items\basetemplates\awakeneddeadsoul_onattack.dbr' - a Skill_SpawnPet grant must be MANUAL-CAST (no controller). An on-attack summon re-spawns the pet every hit (petLimit=1) so it resets before it can attack.

[WARN] records\item\equipmentring\soul\desecrateddeadsoldier_soul_n.dbr -> records\skills\soulskills\skeleton_summon.dbr
    summon soul carries itemSkillAutoController 'records\xpack\ai controllers\autocast_items\basetemplates\awakeneddeadsoul_onattack.dbr' - a Skill_SpawnPet grant must be MANUAL-CAST (no controller). An on-attack summon re-spawns the pet every hit (petLimit=1) so it resets before it can attack.

[WARN] records\item\equipmentring\soul\exhumeddeadsoldier_soul_n.dbr -> records\skills\soulskills\skeleton_summon.dbr
    summon soul carries itemSkillAutoController 'records\xpack\ai controllers\autocast_items\basetemplates\awakeneddeadsoul_onattack.dbr' - a Skill_SpawnPet grant must be MANUAL-CAST (no controller). An on-attack summon re-spawns the pet every hit (petLimit=1) so it resets before it can attack.

[WARN] records\item\equipmentring\soul\pharaohshonorguard\pharaohshonorguard_soul_n.dbr -> records\skills\soulskills\summon_pharaohguard.dbr
    pet records\skills\soulskills\pets\pharaohguard_1.dbr carries a foreign-family override <unarmedBuffOtherAnim1>=Creatures\Monster\Maenad\ANM\Maenad_UnArmed_AttAlpha.anm (family 'maenad') not proven on mesh Creatures\Monster\GuardianStatue\StatuePossesed.msh (equipped class, rarely-played slot; latent invisible-body risk)

[WARN] records\item\equipmentring\soul\pharaohshonorguard\pharaohshonorguard_soul_n.dbr -> records\skills\soulskills\summon_pharaohguard.dbr
    pet records\skills\soulskills\pets\pharaohguard_1.dbr carries a foreign-family override <unarmedBuffSelfAnim1>=Creatures\Monster\JackalMan\ANM\JackalMan_Staff_Skill_BuffSelf.anm (family 'jackalman') not proven on mesh Creatures\Monster\GuardianStatue\StatuePossesed.msh (equipped class, rarely-played slot; latent invisible-body risk)

[WARN] records\item\equipmentring\soul\pharaohshonorguard\pharaohshonorguard_soul_n.dbr -> records\skills\soulskills\summon_pharaohguard.dbr
    pet records\skills\soulskills\pets\pharaohguard_1.dbr carries a foreign-family override <unarmedDieAnim1>=Creatures\Monster\Maenad\ANM\Maenad_UnArmed_DieAlpha.anm (family 'maenad') not proven on mesh Creatures\Monster\GuardianStatue\StatuePossesed.msh (equipped class, rarely-played slot; latent invisible-body risk)

[WARN] records\item\equipmentring\soul\pharaohshonorguard\pharaohshonorguard_soul_n.dbr -> records\skills\soulskills\summon_pharaohguard.dbr
    pet records\skills\soulskills\pets\pharaohguard_1.dbr carries a foreign-family override <unarmedStunAnim>=Creatures\Monster\Maenad\ANM\Maenad_UnArmed_Stun.anm (family 'maenad') not proven on mesh Creatures\Monster\GuardianStatue\StatuePossesed.msh (equipped class, rarely-played slot; latent invisible-body risk)

[WARN] records\item\equipmentring\soul\pharaohshonorguard\pharaohshonorguard_soul_n.dbr -> records\skills\soulskills\summon_pharaohguard.dbr
    pet records\skills\soulskills\pets\pharaohguard_2.dbr carries a foreign-family override <unarmedBuffOtherAnim1>=Creatures\Monster\Maenad\ANM\Maenad_UnArmed_AttAlpha.anm (family 'maenad') not proven on mesh Creatures\Monster\GuardianStatue\StatuePossesed.msh (equipped class, rarely-played slot; latent invisible-body risk)

[WARN] records\item\equipmentring\soul\pharaohshonorguard\pharaohshonorguard_soul_n.dbr -> records\skills\soulskills\summon_pharaohguard.dbr
    pet records\skills\soulskills\pets\pharaohguard_2.dbr carries a foreign-family override <unarmedBuffSelfAnim1>=Creatures\Monster\JackalMan\ANM\JackalMan_Staff_Skill_BuffSelf.anm (family 'jackalman') not proven on mesh Creatures\Monster\GuardianStatue\StatuePossesed.msh (equipped class, rarely-played slot; latent invisible-body risk)

[WARN] records\item\equipmentring\soul\pharaohshonorguard\pharaohshonorguard_soul_n.dbr -> records\skills\soulskills\summon_pharaohguard.dbr
    pet records\skills\soulskills\pets\pharaohguard_2.dbr carries a foreign-family override <unarmedDieAnim1>=Creatures\Monster\Maenad\ANM\Maenad_UnArmed_DieAlpha.anm (family 'maenad') not proven on mesh Creatures\Monster\GuardianStatue\StatuePossesed.msh (equipped class, rarely-played slot; latent invisible-body risk)

[WARN] records\item\equipmentring\soul\pharaohshonorguard\pharaohshonorguard_soul_n.dbr -> records\skills\soulskills\summon_pharaohguard.dbr
    pet records\skills\soulskills\pets\pharaohguard_2.dbr carries a foreign-family override <unarmedStunAnim>=Creatures\Monster\Maenad\ANM\Maenad_UnArmed_Stun.anm (family 'maenad') not proven on mesh Creatures\Monster\GuardianStatue\StatuePossesed.msh (equipped class, rarely-played slot; latent invisible-body risk)

[WARN] records\item\equipmentring\soul\pharaohshonorguard\pharaohshonorguard_soul_n.dbr -> records\skills\soulskills\summon_pharaohguard.dbr
    pet records\skills\soulskills\pets\pharaohguard_3.dbr carries a foreign-family override <unarmedBuffOtherAnim1>=Creatures\Monster\Maenad\ANM\Maenad_UnArmed_AttAlpha.anm (family 'maenad') not proven on mesh Creatures\Monster\GuardianStatue\StatuePossesed.msh (equipped class, rarely-played slot; latent invisible-body risk)

[WARN] records\item\equipmentring\soul\pharaohshonorguard\pharaohshonorguard_soul_n.dbr -> records\skills\soulskills\summon_pharaohguard.dbr
    pet records\skills\soulskills\pets\pharaohguard_3.dbr carries a foreign-family override <unarmedBuffSelfAnim1>=Creatures\Monster\JackalMan\ANM\JackalMan_Staff_Skill_BuffSelf.anm (family 'jackalman') not proven on mesh Creatures\Monster\GuardianStatue\StatuePossesed.msh (equipped class, rarely-played slot; latent invisible-body risk)

[WARN] records\item\equipmentring\soul\pharaohshonorguard\pharaohshonorguard_soul_n.dbr -> records\skills\soulskills\summon_pharaohguard.dbr
    pet records\skills\soulskills\pets\pharaohguard_3.dbr carries a foreign-family override <unarmedDieAnim1>=Creatures\Monster\Maenad\ANM\Maenad_UnArmed_DieAlpha.anm (family 'maenad') not proven on mesh Creatures\Monster\GuardianStatue\StatuePossesed.msh (equipped class, rarely-played slot; latent invisible-body risk)

[WARN] records\item\equipmentring\soul\pharaohshonorguard\pharaohshonorguard_soul_n.dbr -> records\skills\soulskills\summon_pharaohguard.dbr
    pet records\skills\soulskills\pets\pharaohguard_3.dbr carries a foreign-family override <unarmedStunAnim>=Creatures\Monster\Maenad\ANM\Maenad_UnArmed_Stun.anm (family 'maenad') not proven on mesh Creatures\Monster\GuardianStatue\StatuePossesed.msh (equipped class, rarely-played slot; latent invisible-body risk)

[WARN] records\item\equipmentring\soul\dragonian\rockskin_soul_n.dbr -> records\skills\soulskills\summon_narok.dbr
    pet records\skills\soulskills\pets\narok_1.dbr carries a foreign-family override <sHandedSpecialAnim1>=Creatures\Monster\Maenad\ANM\Maenad_OneHand_Skill_LethalStrike.anm (family 'maenad') not proven on mesh Creatures\Monster\Dragonian\Dragonian01.msh (equipped class, rarely-played slot; latent invisible-body risk)

[WARN] records\item\equipmentring\soul\dragonian\rockskin_soul_n.dbr -> records\skills\soulskills\summon_narok.dbr
    pet records\skills\soulskills\pets\narok_2.dbr carries a foreign-family override <sHandedSpecialAnim1>=Creatures\Monster\Maenad\ANM\Maenad_OneHand_Skill_LethalStrike.anm (family 'maenad') not proven on mesh Creatures\Monster\Dragonian\Dragonian01.msh (equipped class, rarely-played slot; latent invisible-body risk)

[WARN] records\item\equipmentring\soul\dragonian\rockskin_soul_n.dbr -> records\skills\soulskills\summon_narok.dbr
    pet records\skills\soulskills\pets\narok_3.dbr carries a foreign-family override <sHandedSpecialAnim1>=Creatures\Monster\Maenad\ANM\Maenad_OneHand_Skill_LethalStrike.anm (family 'maenad') not proven on mesh Creatures\Monster\Dragonian\Dragonian01.msh (equipped class, rarely-played slot; latent invisible-body risk)

[WARN] records\item\equipmentring\soul\satyr\rakanizeus_soul_n.dbr -> records\skills\soulskills\summon_rakanizeus.dbr
    pet records\skills\soulskills\pets\rakanizeus_1.dbr carries a foreign-family override <sHandedSpecialAnim1>=Creatures\Monster\Maenad\ANM\Maenad_OneHand_Skill_LethalStrike.anm (family 'maenad') not proven on mesh SVMesh\meshes\rakanizeus.msh (equipped class, rarely-played slot; latent invisible-body risk)

[WARN] records\item\equipmentring\soul\satyr\rakanizeus_soul_n.dbr -> records\skills\soulskills\summon_rakanizeus.dbr
    pet records\skills\soulskills\pets\rakanizeus_2.dbr carries a foreign-family override <sHandedSpecialAnim1>=Creatures\Monster\Maenad\ANM\Maenad_OneHand_Skill_LethalStrike.anm (family 'maenad') not proven on mesh SVMesh\meshes\rakanizeus.msh (equipped class, rarely-played slot; latent invisible-body risk)

[WARN] records\item\equipmentring\soul\satyr\rakanizeus_soul_n.dbr -> records\skills\soulskills\summon_rakanizeus.dbr
    pet records\skills\soulskills\pets\rakanizeus_3.dbr carries a foreign-family override <sHandedSpecialAnim1>=Creatures\Monster\Maenad\ANM\Maenad_OneHand_Skill_LethalStrike.anm (family 'maenad') not proven on mesh SVMesh\meshes\rakanizeus.msh (equipped class, rarely-played slot; latent invisible-body risk)

[WARN] records\item\equipmentring\soul\peng\xiao_soul_n.dbr -> records\skills\soulskills\peng_summon.dbr
    summon soul carries itemSkillAutoController 'records\xpack\ai controllers\autocast_items\basetemplates\base_atself_onattack.dbr' - a Skill_SpawnPet grant must be MANUAL-CAST (no controller). An on-attack summon re-spawns the pet every hit (petLimit=1) so it resets before it can attack.

[WARN] records\item\equipmentring\soul\skeleton\awakeneddeadarcher_soul_n.dbr -> records\skills\soulskills\skeletonarcher_summon.dbr
    summon soul carries itemSkillAutoController 'records\xpack\ai controllers\autocast_items\basetemplates\awakeneddeadsoul_onattack.dbr' - a Skill_SpawnPet grant must be MANUAL-CAST (no controller). An on-attack summon re-spawns the pet every hit (petLimit=1) so it resets before it can attack.

[WARN] records\item\equipmentring\soul\skeleton\desecrateddeadarcher_soul_n.dbr -> records\skills\soulskills\skeletonarcher_summon.dbr
    summon soul carries itemSkillAutoController 'records\xpack\ai controllers\autocast_items\basetemplates\awakeneddeadsoul_onattack.dbr' - a Skill_SpawnPet grant must be MANUAL-CAST (no controller). An on-attack summon re-spawns the pet every hit (petLimit=1) so it resets before it can attack.

[WARN] records\item\equipmentring\soul\skeleton\exhumeddeadarcher_soul_n.dbr -> records\skills\soulskills\skeletonarcher_summon.dbr
    summon soul carries itemSkillAutoController 'records\xpack\ai controllers\autocast_items\basetemplates\awakeneddeadsoul_onattack.dbr' - a Skill_SpawnPet grant must be MANUAL-CAST (no controller). An on-attack summon re-spawns the pet every hit (petLimit=1) so it resets before it can attack.

[WARN] records\item\equipmentring\soul\keres\aphiastas_soul_n.dbr -> records\skills\soulskills\summon_firesprite.dbr
    summon soul carries itemSkillAutoController 'records\xpack\ai controllers\autocast_items\basetemplates\awakeneddeadsoul_onattack.dbr' - a Skill_SpawnPet grant must be MANUAL-CAST (no controller). An on-attack summon re-spawns the pet every hit (petLimit=1) so it resets before it can attack.

[WARN] records\item\equipmentring\soul\formicid\queenchkaatrh_soul_n.dbr -> records\skills\soulskills\formicid_summon.dbr
    summon soul carries itemSkillAutoController 'records\xpack\ai controllers\autocast_items\basetemplates\queenchkaatrh_onattacked.dbr' - a Skill_SpawnPet grant must be MANUAL-CAST (no controller). An on-attack summon re-spawns the pet every hit (petLimit=1) so it resets before it can attack.

[WARN] records\item\equipmentring\soul\jackalman\sadiki_soul_n.dbr -> records\skills\soulskills\sadiki_summon.dbr
    summon soul carries itemSkillAutoController 'records\xpack\ai controllers\autocast_items\basetemplates\base_atself_lowhealth.dbr' - a Skill_SpawnPet grant must be MANUAL-CAST (no controller). An on-attack summon re-spawns the pet every hit (petLimit=1) so it resets before it can attack.

[WARN] records\item\equipmentring\soul\automatoi\tatos_soul_n.dbr -> records\skills\soulskills\tatos_summon.dbr
    summon soul carries itemSkillAutoController 'records\xpack\ai controllers\autocast_items\basetemplates\base_atself_lowhealth.dbr' - a Skill_SpawnPet grant must be MANUAL-CAST (no controller). An on-attack summon re-spawns the pet every hit (petLimit=1) so it resets before it can attack.

[WARN] records\item\equipmentring\soul\carrionbird\direflock_soul_n.dbr -> records\skills\soulskills\carrioncrow_summon.dbr
    summon soul carries itemSkillAutoController 'records\xpack\ai controllers\autocast_items\basetemplates\poisonbomb_onattack.dbr' - a Skill_SpawnPet grant must be MANUAL-CAST (no controller). An on-attack summon re-spawns the pet every hit (petLimit=1) so it resets before it can attack.

[WARN] records\item\equipmentring\soul\sandwraith\djel_soul_n.dbr -> records\skills\sv\djel\flamesprite_summon_soul.dbr
    summon soul carries itemSkillAutoController 'records\xpack\ai controllers\autocast_items\basetemplates\base_atself_onrangedhit.dbr' - a Skill_SpawnPet grant must be MANUAL-CAST (no controller). An on-attack summon re-spawns the pet every hit (petLimit=1) so it resets before it can attack.

[WARN] records\item\equipmentring\soul\sandwraith\djel_soul_n.dbr -> records\skills\sv\djel\flamesprite_summon_soul.dbr
    pet records\skills\sv\djel\flamesprite_1.dbr equip Finger1 item does not resolve (mod or base): Records\Item\LootTables\Finger\Unique\RingAll_01-08.dbr

[WARN] records\item\equipmentring\soul\sandwraith\djel_soul_n.dbr -> records\skills\sv\djel\flamesprite_summon_soul.dbr
    pet records\skills\sv\djel\flamesprite_2.dbr equip Finger1 item does not resolve (mod or base): Records\Item\LootTables\Finger\Unique\RingAll_01-08.dbr

[WARN] records\item\equipmentring\soul\sandwraith\djel_soul_n.dbr -> records\skills\sv\djel\flamesprite_summon_soul.dbr
    pet records\skills\sv\djel\flamesprite_3.dbr equip Finger1 item does not resolve (mod or base): Records\Item\LootTables\Finger\Unique\RingAll_01-08.dbr

[WARN] records\item\equipmentring\soul\wraith\graklosthegraveless_soul_n.dbr -> records\skills\soulskills\wraith_summon.dbr
    summon soul carries itemSkillAutoController 'records\xpack\ai controllers\autocast_items\basetemplates\asorissoul_onmeleehit.dbr' - a Skill_SpawnPet grant must be MANUAL-CAST (no controller). An on-attack summon re-spawns the pet every hit (petLimit=1) so it resets before it can attack.

[WARN] records\item\equipmentring\soul\empusa\feira_soul_n.dbr -> records\skills\soulskills\summon_flamewing.dbr
    summon soul carries itemSkillAutoController 'records\xpack\ai controllers\autocast_items\basetemplates\awakeneddeadsoul_onattack.dbr' - a Skill_SpawnPet grant must be MANUAL-CAST (no controller). An on-attack summon re-spawns the pet every hit (petLimit=1) so it resets before it can attack.

[WARN] records\item\equipmentring\soul\skeleton\boneash_soul_n.dbr -> records\skills\soulskills\summon_boneash.dbr
    pet records\skills\soulskills\pets\boneash_1.dbr carries a foreign-family override <sHandedSpecialAnim1>=Creatures\Monster\Maenad\ANM\Maenad_OneHand_Skill_LethalStrike.anm (family 'maenad') not proven on mesh Creatures\Monster\Skeleton\RevenantFire.msh (equipped class, rarely-played slot; latent invisible-body risk)

[WARN] records\item\equipmentring\soul\skeleton\boneash_soul_n.dbr -> records\skills\soulskills\summon_boneash.dbr
    pet records\skills\soulskills\pets\boneash_2.dbr carries a foreign-family override <sHandedSpecialAnim1>=Creatures\Monster\Maenad\ANM\Maenad_OneHand_Skill_LethalStrike.anm (family 'maenad') not proven on mesh Creatures\Monster\Skeleton\RevenantFire.msh (equipped class, rarely-played slot; latent invisible-body risk)

[WARN] records\item\equipmentring\soul\skeleton\boneash_soul_n.dbr -> records\skills\soulskills\summon_boneash.dbr
    pet records\skills\soulskills\pets\boneash_3.dbr carries a foreign-family override <sHandedSpecialAnim1>=Creatures\Monster\Maenad\ANM\Maenad_OneHand_Skill_LethalStrike.anm (family 'maenad') not proven on mesh Creatures\Monster\Skeleton\RevenantFire.msh (equipped class, rarely-played slot; latent invisible-body risk)

[WARN] records\item\equipmentring\soul\skeleton\bonelord_soul_n.dbr -> records\skills\soulskills\skeleton_summon.dbr
    summon soul carries itemSkillAutoController 'records\xpack\ai controllers\autocast_items\basetemplates\bonelordsoul_onattack.dbr' - a Skill_SpawnPet grant must be MANUAL-CAST (no controller). An on-attack summon re-spawns the pet every hit (petLimit=1) so it resets before it can attack.

[WARN] records\item\equipmentring\soul\skeleton\frostmarrow_soul_n.dbr -> records\skills\soulskills\skeletonarcher_summon.dbr
    summon soul carries itemSkillAutoController 'records\xpack\ai controllers\autocast_items\basetemplates\awakeneddeadsoul_onattack.dbr' - a Skill_SpawnPet grant must be MANUAL-CAST (no controller). An on-attack summon re-spawns the pet every hit (petLimit=1) so it resets before it can attack.

[WARN] records\item\equipmentring\soul\skeleton\fenuku_soul_n.dbr -> records\skills\soulskills\skeleton_summon.dbr
    summon soul carries itemSkillAutoController 'records\xpack\ai controllers\autocast_items\basetemplates\awakeneddeadsoul_onattack.dbr' - a Skill_SpawnPet grant must be MANUAL-CAST (no controller). An on-attack summon re-spawns the pet every hit (petLimit=1) so it resets before it can attack.

[WARN] records\item\equipmentring\soul\ratman\menzus_soul_n.dbr -> records\skills\soulskills\skeleton_summon.dbr
    summon soul carries itemSkillAutoController 'records\xpack\ai controllers\autocast_items\basetemplates\awakeneddeadsoul_onattack.dbr' - a Skill_SpawnPet grant must be MANUAL-CAST (no controller). An on-attack summon re-spawns the pet every hit (petLimit=1) so it resets before it can attack.

[WARN] records\item\equipmentring\soul\lostsoul\aberkios_soul_n.dbr -> records\skills\soulskills\aberkios_spidersummon.dbr
    summon soul carries itemSkillAutoController 'records\xpack\ai controllers\autocast_items\basetemplates\sandstorm_onattacked.dbr' - a Skill_SpawnPet grant must be MANUAL-CAST (no controller). An on-attack summon re-spawns the pet every hit (petLimit=1) so it resets before it can attack.

[WARN] records\item\equipmentring\soul\ascacophus\strongbark_soul_e.dbr -> records\skills\soulskills\pcsafe\strongbark_quillvines.dbr
    granted itemSkillLevel 2 exceeds spawnObjects ladder length 1 (engine clamps to the last pet entry)

[WARN] records\item\equipmentring\soul\ascacophus\strongbark_soul_l.dbr -> records\skills\soulskills\pcsafe\strongbark_quillvines.dbr
    granted itemSkillLevel 3 exceeds spawnObjects ladder length 1 (engine clamps to the last pet entry)

[WARN] records\item\equipmentring\soul\automatoi\tatos_soul_e.dbr -> records\skills\soulskills\tatos_summon.dbr
    summon soul carries itemSkillAutoController 'records\xpack\ai controllers\autocast_items\basetemplates\base_atself_lowhealth.dbr' - a Skill_SpawnPet grant must be MANUAL-CAST (no controller). An on-attack summon re-spawns the pet every hit (petLimit=1) so it resets before it can attack.

[WARN] records\item\equipmentring\soul\automatoi\tatos_soul_l.dbr -> records\skills\soulskills\tatos_summon.dbr
    summon soul carries itemSkillAutoController 'records\xpack\ai controllers\autocast_items\basetemplates\base_atself_lowhealth.dbr' - a Skill_SpawnPet grant must be MANUAL-CAST (no controller). An on-attack summon re-spawns the pet every hit (petLimit=1) so it resets before it can attack.

[WARN] records\item\equipmentring\soul\awakeneddeadsoldier_soul_e.dbr -> records\skills\soulskills\skeleton_summon.dbr
    summon soul carries itemSkillAutoController 'records\xpack\ai controllers\autocast_items\basetemplates\awakeneddeadsoul_onattack.dbr' - a Skill_SpawnPet grant must be MANUAL-CAST (no controller). An on-attack summon re-spawns the pet every hit (petLimit=1) so it resets before it can attack.

[WARN] records\item\equipmentring\soul\awakeneddeadsoldier_soul_l.dbr -> records\skills\soulskills\skeleton_summon.dbr
    summon soul carries itemSkillAutoController 'records\xpack\ai controllers\autocast_items\basetemplates\awakeneddeadsoul_onattack.dbr' - a Skill_SpawnPet grant must be MANUAL-CAST (no controller). An on-attack summon re-spawns the pet every hit (petLimit=1) so it resets before it can attack.

[WARN] records\item\equipmentring\soul\carrionbird\direflock_soul_e.dbr -> records\skills\soulskills\carrioncrow_summon.dbr
    summon soul carries itemSkillAutoController 'records\xpack\ai controllers\autocast_items\basetemplates\poisonbomb_onattack.dbr' - a Skill_SpawnPet grant must be MANUAL-CAST (no controller). An on-attack summon re-spawns the pet every hit (petLimit=1) so it resets before it can attack.

[WARN] records\item\equipmentring\soul\carrionbird\direflock_soul_l.dbr -> records\skills\soulskills\carrioncrow_summon.dbr
    summon soul carries itemSkillAutoController 'records\xpack\ai controllers\autocast_items\basetemplates\poisonbomb_onattack.dbr' - a Skill_SpawnPet grant must be MANUAL-CAST (no controller). An on-attack summon re-spawns the pet every hit (petLimit=1) so it resets before it can attack.

[WARN] records\item\equipmentring\soul\desecrateddeadsoldier_soul_e.dbr -> records\skills\soulskills\skeleton_summon.dbr
    summon soul carries itemSkillAutoController 'records\xpack\ai controllers\autocast_items\basetemplates\awakeneddeadsoul_onattack.dbr' - a Skill_SpawnPet grant must be MANUAL-CAST (no controller). An on-attack summon re-spawns the pet every hit (petLimit=1) so it resets before it can attack.

[WARN] records\item\equipmentring\soul\desecrateddeadsoldier_soul_l.dbr -> records\skills\soulskills\skeleton_summon.dbr
    summon soul carries itemSkillAutoController 'records\xpack\ai controllers\autocast_items\basetemplates\awakeneddeadsoul_onattack.dbr' - a Skill_SpawnPet grant must be MANUAL-CAST (no controller). An on-attack summon re-spawns the pet every hit (petLimit=1) so it resets before it can attack.

[WARN] records\item\equipmentring\soul\empusa\feira_soul_e.dbr -> records\skills\soulskills\summon_flamewing.dbr
    summon soul carries itemSkillAutoController 'records\xpack\ai controllers\autocast_items\basetemplates\awakeneddeadsoul_onattack.dbr' - a Skill_SpawnPet grant must be MANUAL-CAST (no controller). An on-attack summon re-spawns the pet every hit (petLimit=1) so it resets before it can attack.

[WARN] records\item\equipmentring\soul\empusa\feira_soul_l.dbr -> records\skills\soulskills\summon_flamewing.dbr
    summon soul carries itemSkillAutoController 'records\xpack\ai controllers\autocast_items\basetemplates\awakeneddeadsoul_onattack.dbr' - a Skill_SpawnPet grant must be MANUAL-CAST (no controller). An on-attack summon re-spawns the pet every hit (petLimit=1) so it resets before it can attack.

[WARN] records\item\equipmentring\soul\exhumeddeadsoldier_soul_e.dbr -> records\skills\soulskills\skeleton_summon.dbr
    summon soul carries itemSkillAutoController 'records\xpack\ai controllers\autocast_items\basetemplates\awakeneddeadsoul_onattack.dbr' - a Skill_SpawnPet grant must be MANUAL-CAST (no controller). An on-attack summon re-spawns the pet every hit (petLimit=1) so it resets before it can attack.

[WARN] records\item\equipmentring\soul\exhumeddeadsoldier_soul_l.dbr -> records\skills\soulskills\skeleton_summon.dbr
    summon soul carries itemSkillAutoController 'records\xpack\ai controllers\autocast_items\basetemplates\awakeneddeadsoul_onattack.dbr' - a Skill_SpawnPet grant must be MANUAL-CAST (no controller). An on-attack summon re-spawns the pet every hit (petLimit=1) so it resets before it can attack.

[WARN] records\item\equipmentring\soul\formicid\queenchkaatrh_soul_e.dbr -> records\skills\soulskills\formicid_summon.dbr
    summon soul carries itemSkillAutoController 'records\xpack\ai controllers\autocast_items\basetemplates\queenchkaatrh_onattacked.dbr' - a Skill_SpawnPet grant must be MANUAL-CAST (no controller). An on-attack summon re-spawns the pet every hit (petLimit=1) so it resets before it can attack.

[WARN] records\item\equipmentring\soul\formicid\queenchkaatrh_soul_l.dbr -> records\skills\soulskills\formicid_summon.dbr
    summon soul carries itemSkillAutoController 'records\xpack\ai controllers\autocast_items\basetemplates\queenchkaatrh_onattacked.dbr' - a Skill_SpawnPet grant must be MANUAL-CAST (no controller). An on-attack summon re-spawns the pet every hit (petLimit=1) so it resets before it can attack.

[WARN] records\item\equipmentring\soul\jackalman\sadiki_soul_e.dbr -> records\skills\soulskills\sadiki_summon.dbr
    summon soul carries itemSkillAutoController 'records\xpack\ai controllers\autocast_items\basetemplates\base_atself_lowhealth.dbr' - a Skill_SpawnPet grant must be MANUAL-CAST (no controller). An on-attack summon re-spawns the pet every hit (petLimit=1) so it resets before it can attack.

[WARN] records\item\equipmentring\soul\jackalman\sadiki_soul_l.dbr -> records\skills\soulskills\sadiki_summon.dbr
    summon soul carries itemSkillAutoController 'records\xpack\ai controllers\autocast_items\basetemplates\base_atself_lowhealth.dbr' - a Skill_SpawnPet grant must be MANUAL-CAST (no controller). An on-attack summon re-spawns the pet every hit (petLimit=1) so it resets before it can attack.

[WARN] records\item\equipmentring\soul\keres\aphiastas_soul_e.dbr -> records\skills\soulskills\summon_firesprite.dbr
    summon soul carries itemSkillAutoController 'records\xpack\ai controllers\autocast_items\basetemplates\awakeneddeadsoul_onattack.dbr' - a Skill_SpawnPet grant must be MANUAL-CAST (no controller). An on-attack summon re-spawns the pet every hit (petLimit=1) so it resets before it can attack.

[WARN] records\item\equipmentring\soul\keres\aphiastas_soul_l.dbr -> records\skills\soulskills\summon_firesprite.dbr
    summon soul carries itemSkillAutoController 'records\xpack\ai controllers\autocast_items\basetemplates\awakeneddeadsoul_onattack.dbr' - a Skill_SpawnPet grant must be MANUAL-CAST (no controller). An on-attack summon re-spawns the pet every hit (petLimit=1) so it resets before it can attack.

[WARN] records\item\equipmentring\soul\lostsoul\aberkios_soul_e.dbr -> records\skills\soulskills\aberkios_spidersummon.dbr
    summon soul carries itemSkillAutoController 'records\xpack\ai controllers\autocast_items\basetemplates\sandstorm_onattacked.dbr' - a Skill_SpawnPet grant must be MANUAL-CAST (no controller). An on-attack summon re-spawns the pet every hit (petLimit=1) so it resets before it can attack.

[WARN] records\item\equipmentring\soul\lostsoul\aberkios_soul_l.dbr -> records\skills\soulskills\aberkios_spidersummon.dbr
    summon soul carries itemSkillAutoController 'records\xpack\ai controllers\autocast_items\basetemplates\sandstorm_onattacked.dbr' - a Skill_SpawnPet grant must be MANUAL-CAST (no controller). An on-attack summon re-spawns the pet every hit (petLimit=1) so it resets before it can attack.

[WARN] records\item\equipmentring\soul\melinoe\leucothea_soul_e.dbr -> records\skills\soulskills\summon_leucothea.dbr
    granted itemSkillLevel 2 exceeds spawnObjects ladder length 1 (engine clamps to the last pet entry)

[WARN] records\item\equipmentring\soul\melinoe\leucothea_soul_l.dbr -> records\skills\soulskills\summon_leucothea.dbr
    granted itemSkillLevel 3 exceeds spawnObjects ladder length 1 (engine clamps to the last pet entry)

[WARN] records\item\equipmentring\soul\peng\xiao_soul_e.dbr -> records\skills\soulskills\peng_summon.dbr
    summon soul carries itemSkillAutoController 'records\xpack\ai controllers\autocast_items\basetemplates\base_atself_onattack.dbr' - a Skill_SpawnPet grant must be MANUAL-CAST (no controller). An on-attack summon re-spawns the pet every hit (petLimit=1) so it resets before it can attack.

[WARN] records\item\equipmentring\soul\peng\xiao_soul_l.dbr -> records\skills\soulskills\peng_summon.dbr
    summon soul carries itemSkillAutoController 'records\xpack\ai controllers\autocast_items\basetemplates\base_atself_onattack.dbr' - a Skill_SpawnPet grant must be MANUAL-CAST (no controller). An on-attack summon re-spawns the pet every hit (petLimit=1) so it resets before it can attack.

[WARN] records\item\equipmentring\soul\ratman\menzus_soul_e.dbr -> records\skills\soulskills\skeleton_summon.dbr
    summon soul carries itemSkillAutoController 'records\xpack\ai controllers\autocast_items\basetemplates\awakeneddeadsoul_onattack.dbr' - a Skill_SpawnPet grant must be MANUAL-CAST (no controller). An on-attack summon re-spawns the pet every hit (petLimit=1) so it resets before it can attack.

[WARN] records\item\equipmentring\soul\ratman\menzus_soul_l.dbr -> records\skills\soulskills\skeleton_summon.dbr
    summon soul carries itemSkillAutoController 'records\xpack\ai controllers\autocast_items\basetemplates\awakeneddeadsoul_onattack.dbr' - a Skill_SpawnPet grant must be MANUAL-CAST (no controller). An on-attack summon re-spawns the pet every hit (petLimit=1) so it resets before it can attack.

[WARN] records\item\equipmentring\soul\sandwraith\djel_soul_e.dbr -> records\skills\sv\djel\flamesprite_summon_soul.dbr
    summon soul carries itemSkillAutoController 'records\xpack\ai controllers\autocast_items\basetemplates\base_atself_onrangedhit.dbr' - a Skill_SpawnPet grant must be MANUAL-CAST (no controller). An on-attack summon re-spawns the pet every hit (petLimit=1) so it resets before it can attack.

[WARN] records\item\equipmentring\soul\sandwraith\djel_soul_l.dbr -> records\skills\sv\djel\flamesprite_summon_soul.dbr
    summon soul carries itemSkillAutoController 'records\xpack\ai controllers\autocast_items\basetemplates\base_atself_onrangedhit.dbr' - a Skill_SpawnPet grant must be MANUAL-CAST (no controller). An on-attack summon re-spawns the pet every hit (petLimit=1) so it resets before it can attack.

[WARN] records\item\equipmentring\soul\skeleton\awakeneddeadarcher_soul_e.dbr -> records\skills\soulskills\skeletonarcher_summon.dbr
    summon soul carries itemSkillAutoController 'records\xpack\ai controllers\autocast_items\basetemplates\awakeneddeadsoul_onattack.dbr' - a Skill_SpawnPet grant must be MANUAL-CAST (no controller). An on-attack summon re-spawns the pet every hit (petLimit=1) so it resets before it can attack.

[WARN] records\item\equipmentring\soul\skeleton\awakeneddeadarcher_soul_l.dbr -> records\skills\soulskills\skeletonarcher_summon.dbr
    summon soul carries itemSkillAutoController 'records\xpack\ai controllers\autocast_items\basetemplates\awakeneddeadsoul_onattack.dbr' - a Skill_SpawnPet grant must be MANUAL-CAST (no controller). An on-attack summon re-spawns the pet every hit (petLimit=1) so it resets before it can attack.

[WARN] records\item\equipmentring\soul\skeleton\bonelord_soul_e.dbr -> records\skills\soulskills\skeleton_summon.dbr
    summon soul carries itemSkillAutoController 'records\xpack\ai controllers\autocast_items\basetemplates\bonelordsoul_onattack.dbr' - a Skill_SpawnPet grant must be MANUAL-CAST (no controller). An on-attack summon re-spawns the pet every hit (petLimit=1) so it resets before it can attack.

[WARN] records\item\equipmentring\soul\skeleton\bonelord_soul_l.dbr -> records\skills\soulskills\skeleton_summon.dbr
    summon soul carries itemSkillAutoController 'records\xpack\ai controllers\autocast_items\basetemplates\bonelordsoul_onattack.dbr' - a Skill_SpawnPet grant must be MANUAL-CAST (no controller). An on-attack summon re-spawns the pet every hit (petLimit=1) so it resets before it can attack.

[WARN] records\item\equipmentring\soul\skeleton\desecrateddeadarcher_soul_e.dbr -> records\skills\soulskills\skeletonarcher_summon.dbr
    summon soul carries itemSkillAutoController 'records\xpack\ai controllers\autocast_items\basetemplates\awakeneddeadsoul_onattack.dbr' - a Skill_SpawnPet grant must be MANUAL-CAST (no controller). An on-attack summon re-spawns the pet every hit (petLimit=1) so it resets before it can attack.

[WARN] records\item\equipmentring\soul\skeleton\desecrateddeadarcher_soul_l.dbr -> records\skills\soulskills\skeletonarcher_summon.dbr
    summon soul carries itemSkillAutoController 'records\xpack\ai controllers\autocast_items\basetemplates\awakeneddeadsoul_onattack.dbr' - a Skill_SpawnPet grant must be MANUAL-CAST (no controller). An on-attack summon re-spawns the pet every hit (petLimit=1) so it resets before it can attack.

[WARN] records\item\equipmentring\soul\skeleton\exhumeddeadarcher_soul_e.dbr -> records\skills\soulskills\skeletonarcher_summon.dbr
    summon soul carries itemSkillAutoController 'records\xpack\ai controllers\autocast_items\basetemplates\awakeneddeadsoul_onattack.dbr' - a Skill_SpawnPet grant must be MANUAL-CAST (no controller). An on-attack summon re-spawns the pet every hit (petLimit=1) so it resets before it can attack.

[WARN] records\item\equipmentring\soul\skeleton\exhumeddeadarcher_soul_l.dbr -> records\skills\soulskills\skeletonarcher_summon.dbr
    summon soul carries itemSkillAutoController 'records\xpack\ai controllers\autocast_items\basetemplates\awakeneddeadsoul_onattack.dbr' - a Skill_SpawnPet grant must be MANUAL-CAST (no controller). An on-attack summon re-spawns the pet every hit (petLimit=1) so it resets before it can attack.

[WARN] records\item\equipmentring\soul\skeleton\fenuku_soul_e.dbr -> records\skills\soulskills\skeleton_summon.dbr
    summon soul carries itemSkillAutoController 'records\xpack\ai controllers\autocast_items\basetemplates\awakeneddeadsoul_onattack.dbr' - a Skill_SpawnPet grant must be MANUAL-CAST (no controller). An on-attack summon re-spawns the pet every hit (petLimit=1) so it resets before it can attack.

[WARN] records\item\equipmentring\soul\skeleton\fenuku_soul_l.dbr -> records\skills\soulskills\skeleton_summon.dbr
    summon soul carries itemSkillAutoController 'records\xpack\ai controllers\autocast_items\basetemplates\awakeneddeadsoul_onattack.dbr' - a Skill_SpawnPet grant must be MANUAL-CAST (no controller). An on-attack summon re-spawns the pet every hit (petLimit=1) so it resets before it can attack.

[WARN] records\item\equipmentring\soul\skeleton\frostmarrow_soul_e.dbr -> records\skills\soulskills\skeletonarcher_summon.dbr
    summon soul carries itemSkillAutoController 'records\xpack\ai controllers\autocast_items\basetemplates\awakeneddeadsoul_onattack.dbr' - a Skill_SpawnPet grant must be MANUAL-CAST (no controller). An on-attack summon re-spawns the pet every hit (petLimit=1) so it resets before it can attack.

[WARN] records\item\equipmentring\soul\skeleton\frostmarrow_soul_l.dbr -> records\skills\soulskills\skeletonarcher_summon.dbr
    summon soul carries itemSkillAutoController 'records\xpack\ai controllers\autocast_items\basetemplates\awakeneddeadsoul_onattack.dbr' - a Skill_SpawnPet grant must be MANUAL-CAST (no controller). An on-attack summon re-spawns the pet every hit (petLimit=1) so it resets before it can attack.

[WARN] records\item\equipmentring\soul\wraith\graklosthegraveless_soul_e.dbr -> records\skills\soulskills\wraith_summon.dbr
    summon soul carries itemSkillAutoController 'records\xpack\ai controllers\autocast_items\basetemplates\asorissoul_onmeleehit.dbr' - a Skill_SpawnPet grant must be MANUAL-CAST (no controller). An on-attack summon re-spawns the pet every hit (petLimit=1) so it resets before it can attack.

[WARN] records\item\equipmentring\soul\wraith\graklosthegraveless_soul_l.dbr -> records\skills\soulskills\wraith_summon.dbr
    summon soul carries itemSkillAutoController 'records\xpack\ai controllers\autocast_items\basetemplates\asorissoul_onmeleehit.dbr' - a Skill_SpawnPet grant must be MANUAL-CAST (no controller). An on-attack summon re-spawns the pet every hit (petLimit=1) so it resets before it can attack.

[WARN] records\item\equipmentring\soul\zombie\komara_soul_e.dbr -> records\skills\soulskills\summon_zombiesoldier.dbr
    granted itemSkillLevel 2 exceeds spawnObjects ladder length 1 (engine clamps to the last pet entry)

[WARN] records\item\equipmentring\soul\zombie\komara_soul_l.dbr -> records\skills\soulskills\summon_zombiesoldier.dbr
    granted itemSkillLevel 3 exceeds spawnObjects ladder length 1 (engine clamps to the last pet entry)

[WARN] records\item\equipmentring\soul\zombie\oythroneus_soul_e.dbr -> records\skills\soulskills\summon_zombiesoldier.dbr
    granted itemSkillLevel 2 exceeds spawnObjects ladder length 1 (engine clamps to the last pet entry)

[WARN] records\item\equipmentring\soul\zombie\oythroneus_soul_l.dbr -> records\skills\soulskills\summon_zombiesoldier.dbr
    granted itemSkillLevel 3 exceeds spawnObjects ladder length 1 (engine clamps to the last pet entry)

[WARN] records\item\equipmentring\soul\zombie\melalos_soul_e.dbr -> records\skills\soulskills\summon_zombiesoldier.dbr
    granted itemSkillLevel 2 exceeds spawnObjects ladder length 1 (engine clamps to the last pet entry)

[WARN] records\item\equipmentring\soul\zombie\melalos_soul_l.dbr -> records\skills\soulskills\summon_zombiesoldier.dbr
    granted itemSkillLevel 3 exceeds spawnObjects ladder length 1 (engine clamps to the last pet entry)

[WARN] records\item\equipmentring\soul\dragonian\vort_soul_n.dbr -> records\skills\soulskills\summon_vort.dbr
    pet records\skills\soulskills\pets\vort_1.dbr carries a foreign-family override <sHandedSpecialAnim1>=Creatures\Monster\Maenad\ANM\Maenad_OneHand_Skill_LethalStrike.anm (family 'maenad') not proven on mesh Creatures\Monster\Dragonian\Dragonian01.msh (equipped class, rarely-played slot; latent invisible-body risk)

[WARN] records\item\equipmentring\soul\dragonian\vort_soul_n.dbr -> records\skills\soulskills\summon_vort.dbr
    pet records\skills\soulskills\pets\vort_2.dbr carries a foreign-family override <sHandedSpecialAnim1>=Creatures\Monster\Maenad\ANM\Maenad_OneHand_Skill_LethalStrike.anm (family 'maenad') not proven on mesh Creatures\Monster\Dragonian\Dragonian01.msh (equipped class, rarely-played slot; latent invisible-body risk)

[WARN] records\item\equipmentring\soul\dragonian\vort_soul_n.dbr -> records\skills\soulskills\summon_vort.dbr
    pet records\skills\soulskills\pets\vort_3.dbr carries a foreign-family override <sHandedSpecialAnim1>=Creatures\Monster\Maenad\ANM\Maenad_OneHand_Skill_LethalStrike.anm (family 'maenad') not proven on mesh Creatures\Monster\Dragonian\Dragonian01.msh (equipped class, rarely-played slot; latent invisible-body risk)

[WARN] records\item\equipmentring\soul\mummy\senusnet_soul_n.dbr -> records\skills\soulskills\mummy_summon.dbr
    summon soul carries itemSkillAutoController 'records\xpack\ai controllers\autocast_items\basetemplates\monolithessence_onattack.dbr' - a Skill_SpawnPet grant must be MANUAL-CAST (no controller). An on-attack summon re-spawns the pet every hit (petLimit=1) so it resets before it can attack.

[WARN] records\item\equipmentring\soul\mummy\senusnet_soul_e.dbr -> records\skills\soulskills\mummy_summon.dbr
    summon soul carries itemSkillAutoController 'records\xpack\ai controllers\autocast_items\basetemplates\monolithessence_onattack.dbr' - a Skill_SpawnPet grant must be MANUAL-CAST (no controller). An on-attack summon re-spawns the pet every hit (petLimit=1) so it resets before it can attack.

[WARN] records\item\equipmentring\soul\mummy\senusnet_soul_e.dbr -> records\skills\soulskills\mummy_summon.dbr
    granted itemSkillLevel 2 exceeds spawnObjects ladder length 1 (engine clamps to the last pet entry)

[WARN] records\item\equipmentring\soul\mummy\senusnet_soul_l.dbr -> records\skills\soulskills\mummy_summon.dbr
    summon soul carries itemSkillAutoController 'records\xpack\ai controllers\autocast_items\basetemplates\monolithessence_onattack.dbr' - a Skill_SpawnPet grant must be MANUAL-CAST (no controller). An on-attack summon re-spawns the pet every hit (petLimit=1) so it resets before it can attack.

[WARN] records\item\equipmentring\soul\mummy\senusnet_soul_l.dbr -> records\skills\soulskills\mummy_summon.dbr
    granted itemSkillLevel 3 exceeds spawnObjects ladder length 1 (engine clamps to the last pet entry)

[WARN] records\item\equipmentring\soul\nightstalker\ikaie_soul_e.dbr -> records\skills\soulskills\ikaie_iceward.dbr
    granted itemSkillLevel 2 exceeds spawnObjects ladder length 1 (engine clamps to the last pet entry)

[WARN] records\item\equipmentring\soul\nightstalker\ikaie_soul_l.dbr -> records\skills\soulskills\ikaie_iceward.dbr
    granted itemSkillLevel 3 exceeds spawnObjects ladder length 1 (engine clamps to the last pet entry)

[WARN] records\item\equipmentring\soul\duneraider\hazur_soul_n.dbr -> records\skills\soulskills\hazur_summon.dbr
    summon soul carries itemSkillAutoController 'records\xpack\ai controllers\autocast_items\basetemplates\base_atself_onattack.dbr' - a Skill_SpawnPet grant must be MANUAL-CAST (no controller). An on-attack summon re-spawns the pet every hit (petLimit=1) so it resets before it can attack.

[WARN] records\item\equipmentring\soul\mummy\nebtaan_soul_n.dbr -> records\skills\soulskills\summon_zombiesoldier.dbr
    summon soul carries itemSkillAutoController 'records\xpack\ai controllers\autocast_items\basetemplates\base_atenemy_onattack.dbr' - a Skill_SpawnPet grant must be MANUAL-CAST (no controller). An on-attack summon re-spawns the pet every hit (petLimit=1) so it resets before it can attack.

[WARN] records\item\equipmentring\soul\duneraider\hazur_soul_e.dbr -> records\skills\soulskills\hazur_summon.dbr
    summon soul carries itemSkillAutoController 'records\xpack\ai controllers\autocast_items\basetemplates\base_atself_onattack.dbr' - a Skill_SpawnPet grant must be MANUAL-CAST (no controller). An on-attack summon re-spawns the pet every hit (petLimit=1) so it resets before it can attack.

[WARN] records\item\equipmentring\soul\duneraider\hazur_soul_l.dbr -> records\skills\soulskills\hazur_summon.dbr
    summon soul carries itemSkillAutoController 'records\xpack\ai controllers\autocast_items\basetemplates\base_atself_onattack.dbr' - a Skill_SpawnPet grant must be MANUAL-CAST (no controller). An on-attack summon re-spawns the pet every hit (petLimit=1) so it resets before it can attack.

[WARN] records\item\equipmentring\soul\mummy\nebtaan_soul_e.dbr -> records\skills\soulskills\summon_zombiesoldier.dbr
    summon soul carries itemSkillAutoController 'records\xpack\ai controllers\autocast_items\basetemplates\base_atenemy_onattack.dbr' - a Skill_SpawnPet grant must be MANUAL-CAST (no controller). An on-attack summon re-spawns the pet every hit (petLimit=1) so it resets before it can attack.

[WARN] records\item\equipmentring\soul\mummy\nebtaan_soul_e.dbr -> records\skills\soulskills\summon_zombiesoldier.dbr
    granted itemSkillLevel 2 exceeds spawnObjects ladder length 1 (engine clamps to the last pet entry)

[WARN] records\item\equipmentring\soul\mummy\nebtaan_soul_l.dbr -> records\skills\soulskills\summon_zombiesoldier.dbr
    summon soul carries itemSkillAutoController 'records\xpack\ai controllers\autocast_items\basetemplates\base_atenemy_onattack.dbr' - a Skill_SpawnPet grant must be MANUAL-CAST (no controller). An on-attack summon re-spawns the pet every hit (petLimit=1) so it resets before it can attack.

[WARN] records\item\equipmentring\soul\mummy\nebtaan_soul_l.dbr -> records\skills\soulskills\summon_zombiesoldier.dbr
    granted itemSkillLevel 3 exceeds spawnObjects ladder length 1 (engine clamps to the last pet entry)

[WARN] records\item\equipmentring\soul\neanderthal\sinel_soul_e.dbr -> records\skills\soulskills\sinel_slamsummon.dbr
    granted itemSkillLevel 3 exceeds spawnObjects ladder length 1 (engine clamps to the last pet entry)

[WARN] records\item\equipmentring\soul\neanderthal\sinel_soul_l.dbr -> records\skills\soulskills\sinel_slamsummon.dbr
    granted itemSkillLevel 5 exceeds spawnObjects ladder length 1 (engine clamps to the last pet entry)

[WARN] records\item\equipmentring\soul\duneraider\hazur_soul_n (amgoz-qosmio's conflicted copy 2013-08-07).dbr -> records\skills\soulskills\hazur_summon.dbr
    summon soul carries itemSkillAutoController 'records\xpack\ai controllers\autocast_items\basetemplates\base_atself_onattack.dbr' - a Skill_SpawnPet grant must be MANUAL-CAST (no controller). An on-attack summon re-spawns the pet every hit (petLimit=1) so it resets before it can attack.

[WARN] records\item\equipmentring\soul\empusa\feira_soul_n (amgoz-qosmio's conflicted copy 2013-08-07).dbr -> records\skills\soulskills\summon_flamewing.dbr
    summon soul carries itemSkillAutoController 'records\xpack\ai controllers\autocast_items\basetemplates\awakeneddeadsoul_onattack.dbr' - a Skill_SpawnPet grant must be MANUAL-CAST (no controller). An on-attack summon re-spawns the pet every hit (petLimit=1) so it resets before it can attack.

[WARN] records\item\equipmentring\soul\formicid\queenchkaatrh_soul_n (amgoz-qosmio's conflicted copy 2013-08-07).dbr -> records\skills\soulskills\formicid_summon.dbr
    summon soul carries itemSkillAutoController 'records\xpack\ai controllers\autocast_items\basetemplates\queenchkaatrh_onattacked.dbr' - a Skill_SpawnPet grant must be MANUAL-CAST (no controller). An on-attack summon re-spawns the pet every hit (petLimit=1) so it resets before it can attack.

[WARN] records\item\equipmentring\soul\junglecreep\shodema_soul_e.dbr -> records\skills\sv\shodema\shodema_healingbolts_soul.dbr
    summon soul carries itemSkillAutoController 'records\xpack\ai controllers\autocast_items\soul\shodema_atally_onattack.dbr' - a Skill_SpawnPet grant must be MANUAL-CAST (no controller). An on-attack summon re-spawns the pet every hit (petLimit=1) so it resets before it can attack.

[WARN] records\item\equipmentring\soul\junglecreep\shodema_soul_l.dbr -> records\skills\sv\shodema\shodema_healingbolts_soul.dbr
    summon soul carries itemSkillAutoController 'records\xpack\ai controllers\autocast_items\soul\shodema_atally_onattack.dbr' - a Skill_SpawnPet grant must be MANUAL-CAST (no controller). An on-attack summon re-spawns the pet every hit (petLimit=1) so it resets before it can attack.

[WARN] records\item\equipmentring\soul\junglecreep\shodema_soul_n.dbr -> records\skills\sv\shodema\shodema_healingbolts_soul.dbr
    summon soul carries itemSkillAutoController 'records\xpack\ai controllers\autocast_items\soul\shodema_atally_onattack.dbr' - a Skill_SpawnPet grant must be MANUAL-CAST (no controller). An on-attack summon re-spawns the pet every hit (petLimit=1) so it resets before it can attack.

[WARN] records\item\equipmentring\soul\tombguardian\foulbeast_soul_e.dbr -> records\skills\sv\foulbeast\foulbeast_summon_soul.dbr
    summon soul carries itemSkillAutoController 'records\xpack\ai controllers\autocast_items\basetemplates\base_atenemy_onattack.dbr' - a Skill_SpawnPet grant must be MANUAL-CAST (no controller). An on-attack summon re-spawns the pet every hit (petLimit=1) so it resets before it can attack.

[WARN] records\item\equipmentring\soul\tombguardian\foulbeast_soul_l.dbr -> records\skills\sv\foulbeast\foulbeast_summon_soul.dbr
    summon soul carries itemSkillAutoController 'records\xpack\ai controllers\autocast_items\basetemplates\base_atenemy_onattack.dbr' - a Skill_SpawnPet grant must be MANUAL-CAST (no controller). An on-attack summon re-spawns the pet every hit (petLimit=1) so it resets before it can attack.

[WARN] records\item\equipmentring\soul\tombguardian\foulbeast_soul_n.dbr -> records\skills\sv\foulbeast\foulbeast_summon_soul.dbr
    summon soul carries itemSkillAutoController 'records\xpack\ai controllers\autocast_items\basetemplates\base_atenemy_onattack.dbr' - a Skill_SpawnPet grant must be MANUAL-CAST (no controller). An on-attack summon re-spawns the pet every hit (petLimit=1) so it resets before it can attack.

[WARN] records\item\equipmentring\soul\svc_uber\koroush_soul_e.dbr -> records\skills\soulskills\wraith_summon.dbr
    granted itemSkillLevel 5 exceeds spawnObjects ladder length 3 (engine clamps to the last pet entry)

[WARN] records\item\equipmentring\soul\svc_uber\koroush_soul_e.dbr -> records\skills\soulskills\wraith_summon.dbr
    granted itemSkillLevel 5 EXCEEDS the summon skill's skillMaxLevel 3 (engine clamps - every tier grants the same pet; tier wiring must be 1..3)

[WARN] records\item\equipmentring\soul\svc_uber\koroush_soul_l.dbr -> records\skills\soulskills\wraith_summon.dbr
    granted itemSkillLevel 8 exceeds spawnObjects ladder length 3 (engine clamps to the last pet entry)

[WARN] records\item\equipmentring\soul\svc_uber\koroush_soul_l.dbr -> records\skills\soulskills\wraith_summon.dbr
    granted itemSkillLevel 8 EXCEEDS the summon skill's skillMaxLevel 3 (engine clamps - every tier grants the same pet; tier wiring must be 1..3)

[WARN] records\item\equipmentring\soul\svc_uber\glittertail_soul_e.dbr -> records\skills\soulskills\summon_firesprite.dbr
    granted itemSkillLevel 5 exceeds spawnObjects ladder length 3 (engine clamps to the last pet entry)

[WARN] records\item\equipmentring\soul\svc_uber\glittertail_soul_e.dbr -> records\skills\soulskills\summon_firesprite.dbr
    granted itemSkillLevel 5 EXCEEDS the summon skill's skillMaxLevel 3 (engine clamps - every tier grants the same pet; tier wiring must be 1..3)

[WARN] records\item\equipmentring\soul\svc_uber\glittertail_soul_l.dbr -> records\skills\soulskills\summon_firesprite.dbr
    granted itemSkillLevel 8 exceeds spawnObjects ladder length 3 (engine clamps to the last pet entry)

[WARN] records\item\equipmentring\soul\svc_uber\glittertail_soul_l.dbr -> records\skills\soulskills\summon_firesprite.dbr
    granted itemSkillLevel 8 EXCEEDS the summon skill's skillMaxLevel 3 (engine clamps - every tier grants the same pet; tier wiring must be 1..3)

[WARN] records\item\equipmentring\soul\svc_uber\kaets_soul_n.dbr -> records\skills\soulskills\pcsafe\strongbark_quillvines.dbr
    granted itemSkillLevel 3 exceeds spawnObjects ladder length 1 (engine clamps to the last pet entry)

[WARN] records\item\equipmentring\soul\svc_uber\kaets_soul_e.dbr -> records\skills\soulskills\pcsafe\strongbark_quillvines.dbr
    granted itemSkillLevel 4 exceeds spawnObjects ladder length 1 (engine clamps to the last pet entry)

[WARN] records\item\equipmentring\soul\svc_uber\kaets_soul_l.dbr -> records\skills\soulskills\pcsafe\strongbark_quillvines.dbr
    granted itemSkillLevel 6 exceeds spawnObjects ladder length 1 (engine clamps to the last pet entry)


PASS - every mod-authored soul-granted summon spawns a complete, renderable, usable pet.
  Read 10000/51151...
  Read 20000/51151...
  Read 30000/51151...
  Read 40000/51151...
  Read 50000/51151...
  Loaded: 51151 records, 143450 strings
========================================================================
SUMMON-PET RENDER-CHAIN VALIDATOR (A9 + D5 mesh-shader closure)
  pets checked: 263; art refs checked: 3050
  WARN: records\skills\soulskills\pets\bloodmistressneith_1.dbr :: StatusIcon: DRXtextures\skill icons\soul\neith_party_up.tex
  WARN: records\skills\soulskills\pets\bloodmistressneith_1.dbr :: StatusIconRed: DRXtextures\skill icons\soul\neith_party_red.tex
  WARN: records\skills\soulskills\pets\bloodmistressneith_3.dbr :: StatusIcon: DRXtextures\skill icons\soul\neith_party_up.tex
  WARN: records\skills\soulskills\pets\bloodmistressneith_3.dbr :: StatusIconRed: DRXtextures\skill icons\soul\neith_party_red.tex
  WARN: records\skills\soulskills\thunderballnova.dbr :: skillDownBitmapName: DRXtextures\skill icons\soul\thunderballnovadown.tex
  WARN: records\skills\soulskills\thunderballnova.dbr :: skillUpBitmapName: DRXtextures\skill icons\soul\thunderballnovaup.tex
RESULT: PASS (22 upstream WARN(s))
========================================================================
OCCULT/HUNTING GOLDEN FREEZE GUARD (A7)
  arz    : work\SoulvizierClassic\Database\SoulvizierClassic.arz
  text   : (none - tag checks SKIPPED)
  golden : C:\Users\willi\repos\tqit_soulvizier_classic\.claude\worktrees\visibility\tools\occult_hunting_golden.json
  Read 10000/51151...
  Read 20000/51151...
  Read 30000/51151...
  Read 40000/51151...
  Read 50000/51151...
  Loaded: 51151 records, 143450 strings
  WAIVED drift (owner-approved 'b70 mastery SV-alignment (build45) EMBLEM-CIRCLE fix (Will build43 screenshot: black disc top-right of every skill window): masterybitmap.dbr BitmapSingle->BitmapUIAware so the mastery portrait renders over the pane's black circular hole (SV098 GT emblem RCA docs/reports/sv_mastery_ground_truth.md sec 4; mirrors the proven b60 pane conversion). Texture unchanged and resolves in shipped arcs. No skill value/effect change.'): field::records\ingameui\player skills\mastery 5\masterybitmap.dbr::FileDescription
  WAIVED drift (owner-approved 'b70 mastery SV-alignment (build45) EMBLEM-CIRCLE fix (Will build43 screenshot: black disc top-right of every skill window): masterybitmap.dbr BitmapSingle->BitmapUIAware so the mastery portrait renders over the pane's black circular hole (SV098 GT emblem RCA docs/reports/sv_mastery_ground_truth.md sec 4; mirrors the proven b60 pane conversion). Texture unchanged and resolves in shipped arcs. No skill value/effect change.'): field::records\ingameui\player skills\mastery 5\masterybitmap.dbr::bitmapName
  WAIVED drift (owner-approved 'b70 mastery SV-alignment (build45) EMBLEM-CIRCLE fix (Will build43 screenshot: black disc top-right of every skill window): masterybitmap.dbr BitmapSingle->BitmapUIAware so the mastery portrait renders over the pane's black circular hole (SV098 GT emblem RCA docs/reports/sv_mastery_ground_truth.md sec 4; mirrors the proven b60 pane conversion). Texture unchanged and resolves in shipped arcs. No skill value/effect change.'): field::records\ingameui\player skills\mastery 5\masterybitmap.dbr::bitmapNames
  WAIVED drift (owner-approved 'b70 mastery SV-alignment (build45) EMBLEM-CIRCLE fix (Will build43 screenshot: black disc top-right of every skill window): masterybitmap.dbr BitmapSingle->BitmapUIAware so the mastery portrait renders over the pane's black circular hole (SV098 GT emblem RCA docs/reports/sv_mastery_ground_truth.md sec 4; mirrors the proven b60 pane conversion). Texture unchanged and resolves in shipped arcs. No skill value/effect change.'): field::records\ingameui\player skills\mastery 5\masterybitmap.dbr::bitmapPositionX
  WAIVED drift (owner-approved 'b70 mastery SV-alignment (build45) EMBLEM-CIRCLE fix (Will build43 screenshot: black disc top-right of every skill window): masterybitmap.dbr BitmapSingle->BitmapUIAware so the mastery portrait renders over the pane's black circular hole (SV098 GT emblem RCA docs/reports/sv_mastery_ground_truth.md sec 4; mirrors the proven b60 pane conversion). Texture unchanged and resolves in shipped arcs. No skill value/effect change.'): field::records\ingameui\player skills\mastery 5\masterybitmap.dbr::bitmapPositionY
  WAIVED drift (owner-approved 'b70 mastery SV-alignment (build45) EMBLEM-CIRCLE fix (Will build43 screenshot: black disc top-right of every skill window): masterybitmap.dbr BitmapSingle->BitmapUIAware so the mastery portrait renders over the pane's black circular hole (SV098 GT emblem RCA docs/reports/sv_mastery_ground_truth.md sec 4; mirrors the proven b60 pane conversion). Texture unchanged and resolves in shipped arcs. No skill value/effect change.'): field::records\ingameui\player skills\mastery 5\masterybitmap.dbr::bitmapPositionsX
  WAIVED drift (owner-approved 'b70 mastery SV-alignment (build45) EMBLEM-CIRCLE fix (Will build43 screenshot: black disc top-right of every skill window): masterybitmap.dbr BitmapSingle->BitmapUIAware so the mastery portrait renders over the pane's black circular hole (SV098 GT emblem RCA docs/reports/sv_mastery_ground_truth.md sec 4; mirrors the proven b60 pane conversion). Texture unchanged and resolves in shipped arcs. No skill value/effect change.'): field::records\ingameui\player skills\mastery 5\masterybitmap.dbr::bitmapPositionsY
  WAIVED drift (owner-approved 'b70 mastery SV-alignment (build45) EMBLEM-CIRCLE fix (Will build43 screenshot: black disc top-right of every skill window): masterybitmap.dbr BitmapSingle->BitmapUIAware so the mastery portrait renders over the pane's black circular hole (SV098 GT emblem RCA docs/reports/sv_mastery_ground_truth.md sec 4; mirrors the proven b60 pane conversion). Texture unchanged and resolves in shipped arcs. No skill value/effect change.'): field::records\ingameui\player skills\mastery 5\masterybitmap.dbr::templateName
  WAIVED drift (owner-approved 'Will ruling 2026-07-16 (verbatim: 'lets have darklings be in the same lane as throwing knife, but we will have darklings unlock at 10, dark aperture unlock at 16, and then above it we will have throwing knife at 24 and the augment to throwing knife at 32 so we wont have lines behind one another') - b70 col6 restack (C2). Throwing Knife button y 217(t4)->155(t5).'): field::records\ingameui\player skills\mastery 5\skill10.dbr::bitmapPositionY
  WAIVED drift (owner-approved 'Will-authorized H/O UI fix 2026-07-12'): field::records\ingameui\player skills\mastery 5\skill18.dbr::bitmapNameUp
  WAIVED drift (owner-approved 'b70 mastery SV-alignment (build45): move Darklings/Dark Aperture family OUT of Shadow Link's column 3 into column 6 (only build44 m5 column with t3+t5 free), preserving the canonical pre-098i base@t3/augment@t5 pattern - sv_pre098i_occult_ground_truth.json deviation table 8.5 + Will build43 complaint. UI bitmapPosition only; zero effect/stat/dependency change.'): field::records\ingameui\player skills\mastery 5\skill25.dbr::bitmapPositionX
  WAIVED drift (owner-approved 'b70 mastery SV-alignment (build45): move Darklings/Dark Aperture family OUT of Shadow Link's column 3 into column 6 (only build44 m5 column with t3+t5 free), preserving the canonical pre-098i base@t3/augment@t5 pattern - sv_pre098i_occult_ground_truth.json deviation table 8.5 + Will build43 complaint. UI bitmapPosition only; zero effect/stat/dependency change.'): field::records\ingameui\player skills\mastery 5\skill26.dbr::bitmapPositionX
  WAIVED drift (owner-approved 'Will ruling 2026-07-16 (verbatim: 'lets have darklings be in the same lane as throwing knife, but we will have darklings unlock at 10, dark aperture unlock at 16, and then above it we will have throwing knife at 24 and the augment to throwing knife at 32 so we wont have lines behind one another') - b70 col6 restack (C2). Dark Aperture button y 155(t5)->217(t4).'): field::records\ingameui\player skills\mastery 5\skill26.dbr::bitmapPositionY
  WAIVED drift (owner-approved 'Will-mandated mastery black-background render fix 2026-07-14 (b60 mastery_bg_render: BitmapSingle->BitmapUIAware pane conversion, vetted GO wf_484fb6b8/wf_c7817c90)'): field::records\ingameui\player skills\mastery 5\skillpanebasebitmap.dbr::FileDescription
  WAIVED drift (owner-approved 'Will-authorized H/O UI fix 2026-07-12'): field::records\ingameui\player skills\mastery 5\skillpanebasebitmap.dbr::bitmapName
  WAIVED drift (owner-approved 'Will-mandated mastery black-background render fix 2026-07-14 (b60 mastery_bg_render: BitmapSingle->BitmapUIAware pane conversion, vetted GO wf_484fb6b8/wf_c7817c90); FURTHER field drift b67 oh_pane_art round 1 (build43, Will directive verbatim: 'you may need to go into SV files to find the appropriate background image for the occult mastery skill selection page') - upgrades bitmapNames[0] from the b60-set vanilla InGameUI\Skills\StealthSkillBackground01.tex to the bespoke DRX asset DRXtextures\masterybackdrops\standardskillbackground_joanna_ver_dark.tex (source-hunted + D5-decoded from work/SoulvizierClassic/Resources/DRXtextures.arc; SV 0.98i itself never shipped a working Occult tree-pane background - see docs/reports/b67_oh_pane_art.md); bitmapNames[1] (controller sibling) unchanged. No skill value/effect change.'): field::records\ingameui\player skills\mastery 5\skillpanebasebitmap.dbr::bitmapNames
  WAIVED drift (owner-approved 'Will-mandated mastery black-background render fix 2026-07-14 (b60 mastery_bg_render: BitmapSingle->BitmapUIAware pane conversion, vetted GO wf_484fb6b8/wf_c7817c90)'): field::records\ingameui\player skills\mastery 5\skillpanebasebitmap.dbr::bitmapPositionX
  WAIVED drift (owner-approved 'Will-mandated mastery black-background render fix 2026-07-14 (b60 mastery_bg_render: BitmapSingle->BitmapUIAware pane conversion, vetted GO wf_484fb6b8/wf_c7817c90)'): field::records\ingameui\player skills\mastery 5\skillpanebasebitmap.dbr::bitmapPositionY
  WAIVED drift (owner-approved 'Will-mandated mastery black-background render fix 2026-07-14 (b60 mastery_bg_render: BitmapSingle->BitmapUIAware pane conversion, vetted GO wf_484fb6b8/wf_c7817c90)'): field::records\ingameui\player skills\mastery 5\skillpanebasebitmap.dbr::bitmapPositionsX
  WAIVED drift (owner-approved 'Will-mandated mastery black-background render fix 2026-07-14 (b60 mastery_bg_render: BitmapSingle->BitmapUIAware pane conversion, vetted GO wf_484fb6b8/wf_c7817c90)'): field::records\ingameui\player skills\mastery 5\skillpanebasebitmap.dbr::bitmapPositionsY
  WAIVED drift (owner-approved 'Will-mandated mastery black-background render fix 2026-07-14 (b60 mastery_bg_render: BitmapSingle->BitmapUIAware pane conversion, vetted GO wf_484fb6b8/wf_c7817c90)'): field::records\ingameui\player skills\mastery 5\skillpanebasebitmap.dbr::templateName
  WAIVED drift (owner-approved 'Will-mandated mastery black-background render fix 2026-07-14 (b60 mastery_bg_render: BitmapSingle->BitmapUIAware pane conversion, vetted GO wf_484fb6b8/wf_c7817c90)'): field::records\ingameui\player skills\mastery 5\skillpanereallocationbitmap.dbr::FileDescription
  WAIVED drift (owner-approved 'Will-authorized H/O UI fix 2026-07-12'): field::records\ingameui\player skills\mastery 5\skillpanereallocationbitmap.dbr::bitmapName
  WAIVED drift (owner-approved 'Will-mandated mastery black-background render fix 2026-07-14 (b60 mastery_bg_render: BitmapSingle->BitmapUIAware pane conversion, vetted GO wf_484fb6b8/wf_c7817c90)'): field::records\ingameui\player skills\mastery 5\skillpanereallocationbitmap.dbr::bitmapNames
  WAIVED drift (owner-approved 'Will-mandated mastery black-background render fix 2026-07-14 (b60 mastery_bg_render: BitmapSingle->BitmapUIAware pane conversion, vetted GO wf_484fb6b8/wf_c7817c90)'): field::records\ingameui\player skills\mastery 5\skillpanereallocationbitmap.dbr::bitmapPositionX
  WAIVED drift (owner-approved 'Will-mandated mastery black-background render fix 2026-07-14 (b60 mastery_bg_render: BitmapSingle->BitmapUIAware pane conversion, vetted GO wf_484fb6b8/wf_c7817c90)'): field::records\ingameui\player skills\mastery 5\skillpanereallocationbitmap.dbr::bitmapPositionY
  WAIVED drift (owner-approved 'Will-mandated mastery black-background render fix 2026-07-14 (b60 mastery_bg_render: BitmapSingle->BitmapUIAware pane conversion, vetted GO wf_484fb6b8/wf_c7817c90)'): field::records\ingameui\player skills\mastery 5\skillpanereallocationbitmap.dbr::bitmapPositionsX
  WAIVED drift (owner-approved 'Will-mandated mastery black-background render fix 2026-07-14 (b60 mastery_bg_render: BitmapSingle->BitmapUIAware pane conversion, vetted GO wf_484fb6b8/wf_c7817c90)'): field::records\ingameui\player skills\mastery 5\skillpanereallocationbitmap.dbr::bitmapPositionsY
  WAIVED drift (owner-approved 'Will-mandated mastery black-background render fix 2026-07-14 (b60 mastery_bg_render: BitmapSingle->BitmapUIAware pane conversion, vetted GO wf_484fb6b8/wf_c7817c90)'): field::records\ingameui\player skills\mastery 5\skillpanereallocationbitmap.dbr::templateName
  WAIVED drift (owner-approved 'b70 mastery SV-alignment (build45): add straight connector bar so Shadow Link (drxbladehoning c3t2) reads as connected UP to Dark Invigoration (c3t4, the 16-point row) per WILL directive 2026-07-16. WILL-INTENT visual wire (SV098 col3 is bare; drxopenwound has NO skillDependancy/buffSkillName reference to drxbladehoning - purely visual). UI connector only.'): field::records\skills\stealth\drxbladehoning.dbr::skillConnectionOff
  WAIVED drift (owner-approved 'b70 mastery SV-alignment (build45): add straight connector bar so Shadow Link (drxbladehoning c3t2) reads as connected UP to Dark Invigoration (c3t4, the 16-point row) per WILL directive 2026-07-16. WILL-INTENT visual wire (SV098 col3 is bare; drxopenwound has NO skillDependancy/buffSkillName reference to drxbladehoning - purely visual). UI connector only.'): field::records\skills\stealth\drxbladehoning.dbr::skillConnectionOn
  WAIVED drift (owner-approved 'BL-AURA-RADIUS Will-mandated aura reach 2026-07-14 (b57): Shadow Link payload radius 3->36u (Will's motivating case) so the aura reaches pets/MP allies; RADIUS FIELD ONLY, effects untouched. NOTE: this payload's aura-wide defensiveLife malus (-5/-8/-11/-14 Vitality Resistance) now also reaches pets/MP allies within 36u - see docs/reports/b57_aura_radius.md WILL VETO'): field::records\skills\stealth\drxbladehoningbuff.dbr::skillTargetRadius
  WAIVED drift (owner-approved 'Will-authorized H/O improvement wave 2026-07-12 (H5b: Darklings count reaches 4 at the top tier)'): field::records\skills\stealth\drxdarklings.dbr::petLimit
  WAIVED drift (owner-approved 'Will ruling 2026-07-16 (verbatim: 'lets have darklings be in the same lane as throwing knife, but we will have darklings unlock at 10, dark aperture unlock at 16, and then above it we will have throwing knife at 24 and the augment to throwing knife at 32 so we wont have lines behind one another') - b70 col6 restack (C2). Darklings->Dark Aperture bar now adjacent len2 (t3->t4), was len3.'): field::records\skills\stealth\drxdarklings.dbr::skillConnectionOff
  WAIVED drift (owner-approved 'Will ruling 2026-07-16 (verbatim: 'lets have darklings be in the same lane as throwing knife, but we will have darklings unlock at 10, dark aperture unlock at 16, and then above it we will have throwing knife at 24 and the augment to throwing knife at 32 so we wont have lines behind one another') - b70 col6 restack (C2). Darklings->Dark Aperture bar now adjacent len2 (t3->t4), was len3.'): field::records\skills\stealth\drxdarklings.dbr::skillConnectionOn
  WAIVED drift (owner-approved 'b70 mastery SV-alignment (build45): CLEAR Dark Aperture's stray inherited _right connector bar (sv_pre098i_occult_ground_truth.json flags it an artifact topping on void; the Darklings->Dark Aperture augment link is drawn by Darklings' own straight bar). UI connector field only; zero effect/stat change.'): field::records\skills\stealth\drxdarklings_darkaperture.dbr::skillConnectionOff
  WAIVED drift (owner-approved 'b70 mastery SV-alignment (build45): CLEAR Dark Aperture's stray inherited _right connector bar (sv_pre098i_occult_ground_truth.json flags it an artifact topping on void; the Darklings->Dark Aperture augment link is drawn by Darklings' own straight bar). UI connector field only; zero effect/stat change.'): field::records\skills\stealth\drxdarklings_darkaperture.dbr::skillConnectionOn
  WAIVED drift (owner-approved 'Will ruling 2026-07-16 (verbatim: 'lets have darklings be in the same lane as throwing knife, but we will have darklings unlock at 10, dark aperture unlock at 16, and then above it we will have throwing knife at 24 and the augment to throwing knife at 32 so we wont have lines behind one another') - b70 col6 restack (C2). Dark Aperture unlock gate 24->16 (== t4 threshold, matches its new row).'): field::records\skills\stealth\drxdarklings_darkaperture.dbr::skillMasteryLevelRequired
  WAIVED drift (owner-approved 'Will ruling 2026-07-16 (verbatim: 'lets have darklings be in the same lane as throwing knife, but we will have darklings unlock at 10, dark aperture unlock at 16, and then above it we will have throwing knife at 24 and the augment to throwing knife at 32 so we wont have lines behind one another') - b70 col6 restack (C2). Dark Aperture skillTier 5->4 (row t4, unlock 16).'): field::records\skills\stealth\drxdarklings_darkaperture.dbr::skillTier
  WAIVED drift (owner-approved 'Will-authorized Flash Powder rework 2026-07-11 (F5): add pierce damage verb'): field::records\skills\stealth\drxflashpowder.dbr::offensivePierceMax
  WAIVED drift (owner-approved 'Will-authorized Flash Powder rework 2026-07-11 (F5): add pierce damage verb'): field::records\skills\stealth\drxflashpowder.dbr::offensivePierceMin
  WAIVED drift (owner-approved 'Will-authorized Flash Powder rework 2026-07-11 (F5): projectile-fumble duration'): field::records\skills\stealth\drxflashpowder.dbr::offensiveProjectileFumbleDurationMin
  WAIVED drift (owner-approved 'Will-authorized Flash Powder rework 2026-07-11 (F5): blind ranged attackers too'): field::records\skills\stealth\drxflashpowder.dbr::offensiveProjectileFumbleMin
  WAIVED drift (owner-approved 'Will-authorized Flash Powder rework 2026-07-11 (F5): 15s->6s tempo'): field::records\skills\stealth\drxflashpowder.dbr::skillCooldownTime
  WAIVED drift (owner-approved 'Will ruling 2026-07-16 (verbatim: 'lets have darklings be in the same lane as throwing knife, but we will have darklings unlock at 10, dark aperture unlock at 16, and then above it we will have throwing knife at 24 and the augment to throwing knife at 32 so we wont have lines behind one another') - b70 col6 restack (C2). Throwing Knife->Flurry bar now adjacent len2 (t5->t6), was len3.'): field::records\skills\stealth\drxthrowingknife.dbr::skillConnectionOff
  WAIVED drift (owner-approved 'Will ruling 2026-07-16 (verbatim: 'lets have darklings be in the same lane as throwing knife, but we will have darklings unlock at 10, dark aperture unlock at 16, and then above it we will have throwing knife at 24 and the augment to throwing knife at 32 so we wont have lines behind one another') - b70 col6 restack (C2). Throwing Knife->Flurry bar now adjacent len2 (t5->t6), was len3.'): field::records\skills\stealth\drxthrowingknife.dbr::skillConnectionOn
  WAIVED drift (owner-approved 'Will ruling 2026-07-16 (verbatim: 'lets have darklings be in the same lane as throwing knife, but we will have darklings unlock at 10, dark aperture unlock at 16, and then above it we will have throwing knife at 24 and the augment to throwing knife at 32 so we wont have lines behind one another') - b70 col6 restack (C2). Throwing Knife unlock gate 5->24 (== t5 threshold, matches its new row).'): field::records\skills\stealth\drxthrowingknife.dbr::skillMasteryLevelRequired
  WAIVED drift (owner-approved 'Will ruling 2026-07-16 (verbatim: 'lets have darklings be in the same lane as throwing knife, but we will have darklings unlock at 10, dark aperture unlock at 16, and then above it we will have throwing knife at 24 and the augment to throwing knife at 32 so we wont have lines behind one another') - b70 col6 restack (C2). Throwing Knife skillTier 4->5 (row t5, unlock 24).'): field::records\skills\stealth\drxthrowingknife.dbr::skillTier
  WAIVED drift (owner-approved 'b70 mastery SV-alignment (build45) EMBLEM-CIRCLE fix (Will build43 screenshot: black disc top-right of every skill window): masterybitmap.dbr BitmapSingle->BitmapUIAware so the mastery portrait renders over the pane's black circular hole (SV098 GT emblem RCA docs/reports/sv_mastery_ground_truth.md sec 4; mirrors the proven b60 pane conversion). Texture unchanged and resolves in shipped arcs. No skill value/effect change.'): field::records\ingameui\player skills\mastery 6\masterybitmap.dbr::FileDescription
  WAIVED drift (owner-approved 'b70 mastery SV-alignment (build45) EMBLEM-CIRCLE fix (Will build43 screenshot: black disc top-right of every skill window): masterybitmap.dbr BitmapSingle->BitmapUIAware so the mastery portrait renders over the pane's black circular hole (SV098 GT emblem RCA docs/reports/sv_mastery_ground_truth.md sec 4; mirrors the proven b60 pane conversion). Texture unchanged and resolves in shipped arcs. No skill value/effect change.'): field::records\ingameui\player skills\mastery 6\masterybitmap.dbr::bitmapName
  WAIVED drift (owner-approved 'b70 mastery SV-alignment (build45) EMBLEM-CIRCLE fix (Will build43 screenshot: black disc top-right of every skill window): masterybitmap.dbr BitmapSingle->BitmapUIAware so the mastery portrait renders over the pane's black circular hole (SV098 GT emblem RCA docs/reports/sv_mastery_ground_truth.md sec 4; mirrors the proven b60 pane conversion). Texture unchanged and resolves in shipped arcs. No skill value/effect change.'): field::records\ingameui\player skills\mastery 6\masterybitmap.dbr::bitmapNames
  WAIVED drift (owner-approved 'b70 mastery SV-alignment (build45) EMBLEM-CIRCLE fix (Will build43 screenshot: black disc top-right of every skill window): masterybitmap.dbr BitmapSingle->BitmapUIAware so the mastery portrait renders over the pane's black circular hole (SV098 GT emblem RCA docs/reports/sv_mastery_ground_truth.md sec 4; mirrors the proven b60 pane conversion). Texture unchanged and resolves in shipped arcs. No skill value/effect change.'): field::records\ingameui\player skills\mastery 6\masterybitmap.dbr::bitmapPositionX
  WAIVED drift (owner-approved 'b70 mastery SV-alignment (build45) EMBLEM-CIRCLE fix (Will build43 screenshot: black disc top-right of every skill window): masterybitmap.dbr BitmapSingle->BitmapUIAware so the mastery portrait renders over the pane's black circular hole (SV098 GT emblem RCA docs/reports/sv_mastery_ground_truth.md sec 4; mirrors the proven b60 pane conversion). Texture unchanged and resolves in shipped arcs. No skill value/effect change.'): field::records\ingameui\player skills\mastery 6\masterybitmap.dbr::bitmapPositionY
  WAIVED drift (owner-approved 'b70 mastery SV-alignment (build45) EMBLEM-CIRCLE fix (Will build43 screenshot: black disc top-right of every skill window): masterybitmap.dbr BitmapSingle->BitmapUIAware so the mastery portrait renders over the pane's black circular hole (SV098 GT emblem RCA docs/reports/sv_mastery_ground_truth.md sec 4; mirrors the proven b60 pane conversion). Texture unchanged and resolves in shipped arcs. No skill value/effect change.'): field::records\ingameui\player skills\mastery 6\masterybitmap.dbr::bitmapPositionsX
  WAIVED drift (owner-approved 'b70 mastery SV-alignment (build45) EMBLEM-CIRCLE fix (Will build43 screenshot: black disc top-right of every skill window): masterybitmap.dbr BitmapSingle->BitmapUIAware so the mastery portrait renders over the pane's black circular hole (SV098 GT emblem RCA docs/reports/sv_mastery_ground_truth.md sec 4; mirrors the proven b60 pane conversion). Texture unchanged and resolves in shipped arcs. No skill value/effect change.'): field::records\ingameui\player skills\mastery 6\masterybitmap.dbr::bitmapPositionsY
  WAIVED drift (owner-approved 'b70 mastery SV-alignment (build45) EMBLEM-CIRCLE fix (Will build43 screenshot: black disc top-right of every skill window): masterybitmap.dbr BitmapSingle->BitmapUIAware so the mastery portrait renders over the pane's black circular hole (SV098 GT emblem RCA docs/reports/sv_mastery_ground_truth.md sec 4; mirrors the proven b60 pane conversion). Texture unchanged and resolves in shipped arcs. No skill value/effect change.'): field::records\ingameui\player skills\mastery 6\masterybitmap.dbr::templateName
  WAIVED drift (owner-approved 'Will-authorized H/O UI fix 2026-07-12'): field::records\ingameui\player skills\mastery 6\skill18.dbr::bitmapNameDown
  WAIVED drift (owner-approved 'Will-authorized H/O UI fix 2026-07-12'): field::records\ingameui\player skills\mastery 6\skill22.dbr::bitmapNameDown
  WAIVED drift (owner-approved 'Will-authorized H/O UI fix 2026-07-12'): field::records\ingameui\player skills\mastery 6\skill22.dbr::bitmapNameInFocus
  WAIVED drift (owner-approved 'Will-authorized H/O UI fix 2026-07-12'): field::records\ingameui\player skills\mastery 6\skill22.dbr::bitmapNameUp
  WAIVED drift (owner-approved 'Will-authorized H/O UI fix 2026-07-12'): field::records\ingameui\player skills\mastery 6\skill22.dbr::isCircular
  WAIVED drift (owner-approved 'Will-mandated mastery black-background render fix 2026-07-14 (b60 mastery_bg_render: BitmapSingle->BitmapUIAware pane conversion, vetted GO wf_484fb6b8/wf_c7817c90)'): field::records\ingameui\player skills\mastery 6\skillpanebasebitmap.dbr::FileDescription
  WAIVED drift (owner-approved 'Will-authorized H/O UI fix 2026-07-12'): field::records\ingameui\player skills\mastery 6\skillpanebasebitmap.dbr::bitmapName
  WAIVED drift (owner-approved 'Will-mandated mastery black-background render fix 2026-07-14 (b60 mastery_bg_render: BitmapSingle->BitmapUIAware pane conversion, vetted GO wf_484fb6b8/wf_c7817c90)'): field::records\ingameui\player skills\mastery 6\skillpanebasebitmap.dbr::bitmapNames
  WAIVED drift (owner-approved 'Will-mandated mastery black-background render fix 2026-07-14 (b60 mastery_bg_render: BitmapSingle->BitmapUIAware pane conversion, vetted GO wf_484fb6b8/wf_c7817c90)'): field::records\ingameui\player skills\mastery 6\skillpanebasebitmap.dbr::bitmapPositionX
  WAIVED drift (owner-approved 'Will-mandated mastery black-background render fix 2026-07-14 (b60 mastery_bg_render: BitmapSingle->BitmapUIAware pane conversion, vetted GO wf_484fb6b8/wf_c7817c90)'): field::records\ingameui\player skills\mastery 6\skillpanebasebitmap.dbr::bitmapPositionY
  WAIVED drift (owner-approved 'Will-mandated mastery black-background render fix 2026-07-14 (b60 mastery_bg_render: BitmapSingle->BitmapUIAware pane conversion, vetted GO wf_484fb6b8/wf_c7817c90)'): field::records\ingameui\player skills\mastery 6\skillpanebasebitmap.dbr::bitmapPositionsX
  WAIVED drift (owner-approved 'Will-mandated mastery black-background render fix 2026-07-14 (b60 mastery_bg_render: BitmapSingle->BitmapUIAware pane conversion, vetted GO wf_484fb6b8/wf_c7817c90)'): field::records\ingameui\player skills\mastery 6\skillpanebasebitmap.dbr::bitmapPositionsY
  WAIVED drift (owner-approved 'Will-mandated mastery black-background render fix 2026-07-14 (b60 mastery_bg_render: BitmapSingle->BitmapUIAware pane conversion, vetted GO wf_484fb6b8/wf_c7817c90)'): field::records\ingameui\player skills\mastery 6\skillpanebasebitmap.dbr::templateName[run_contracts] LIVE (work/ + local/) + overrides(arz,base_game_dir,resource_arc_dir)
[run_contracts] running 1 module(s): summons
   -> summons ...
      done summons (34.2s) 0P0 0P1 112P2
==============================================================================
 SOULVIZIER CLASSIC - PERMANENT CONTRACT SUITE
 source: LIVE (work/ + local/) + overrides(arz,base_game_dir,resource_arc_dir)
==============================================================================
 artifacts:
   arz               work\SoulvizierClassic\Database\SoulvizierClassic.arz  [file, 52.9MB]
   text_arc          C:\Users\willi\repos\tqit_soulvizier_classic\.claude\worktrees\visibility\work\SoulvizierClassic\Resources\Text.arc  [file, 87.2KB]
   levels_arc        C:\Users\willi\repos\tqit_soulvizier_classic\.claude\worktrees\visibility\work\SoulvizierClassic\Resources\Levels.arc  [file, 656.8MB]
   quests_arc        C:\Users\willi\repos\tqit_soulvizier_classic\.claude\worktrees\visibility\work\SoulvizierClassic\Resources\Quests.arc  [file, 190.4KB]
   resource_arc_dir  C:\Users\willi\repos\tqit_soulvizier_classic\.claude\worktrees\visibility\work\SoulvizierClassic\Resources  [dir]
   base_game_dir     C:\Program Files (x86)\Steam\steamapps\common\Titan Quest Anniversary Edition  [dir]
   upstream_dir      C:\Users\willi\repos\tqit_soulvizier_classic\.claude\worktrees\visibility\upstream  [MISSING]

 stage freshness (vs the .arz; informational, does not gate):
   arz               2026-07-30 08:51 same     
   text_arc          2026-07-30 07:31 -1.3h    OLDER THAN ARZ by 1.3h
   levels_arc        2026-07-27 16:47 -2.7d    OLDER THAN ARZ by 2.7d
   quests_arc        2026-07-16 01:45 -14.3d   OLDER THAN ARZ by 14.3d
   NOTE: 3 artifact(s) flagged above - re-stage (scripts/bootstrap_working_mod.ps1)
         before trusting this run as ground truth.

 modules: 1   contracts: 13   wall: 34.4s

  [contracts_summons     ] 13 contracts |   112 viol (  0 P0,   0 P1,   112 P2) |   34.2s  OK

------------------------------------------------------------------------------
 VIOLATIONS BY CONTRACT  (non-whitelisted; most-severe first)
------------------------------------------------------------------------------
 P2  MONSTER-MESH               contracts_summons x2      ported monster: mesh does not resolve in any shipped or base
        - records\drxcreatures\xurder\d2npc\01_charsi.dbr
        - records\sl\ballista_test01.dbr
 P2  MONSTER-SKILLS-LOOT        contracts_summons x110    ported monster has 1 skill reference(s) that do not resolve
        - records\creature\monster\boarmonstrous\elder_um_boarmonstrous_16.dbr
        - records\creature\monster\eurynomus\um_legion_28.dbr
        - records\creature\monster\eurynomus\um_legion_28a.dbr
        - records\creature\monster\eurynomus\um_legion_28b.dbr
        - records\creature\monster\eurynomus\um_legion_28c.dbr
        - records\creature\monster\guardianstatue\am_colossusofkarnak_36.dbr
        - records\creature\monster\guardianstatue\am_guardianstatue_king_36.dbr
        - records\creature\monster\guardianstatue\am_guardianstatue_lichofthevizier_36.dbr
        - records\creature\monster\harpy\fireheart_am_hag_08.dbr
        - records\creature\monster\harpy\fireheart_bm_hag_10.dbr
        ... +100 more

==============================================================================
 TOTAL: 112 violations  (0 P0, 0 P1, 112 P2)  across 1 modules
 GATE: PASS
 consolidated JSON: C:\Users\willi\AppData\Local\Temp\svc_contracts\contracts_violations_ALL.json
==============================================================================

  WAIVED drift (owner-approved 'Will-mandated mastery black-background render fix 2026-07-14 (b60 mastery_bg_render: BitmapSingle->BitmapUIAware pane conversion, vetted GO wf_484fb6b8/wf_c7817c90)'): field::records\ingameui\player skills\mastery 6\skillpanereallocationbitmap.dbr::FileDescription
  WAIVED drift (owner-approved 'Will-authorized H/O UI fix 2026-07-12'): field::records\ingameui\player skills\mastery 6\skillpanereallocationbitmap.dbr::bitmapName
  WAIVED drift (owner-approved 'Will-mandated mastery black-background render fix 2026-07-14 (b60 mastery_bg_render: BitmapSingle->BitmapUIAware pane conversion, vetted GO wf_484fb6b8/wf_c7817c90)'): field::records\ingameui\player skills\mastery 6\skillpanereallocationbitmap.dbr::bitmapNames
  WAIVED drift (owner-approved 'Will-mandated mastery black-background render fix 2026-07-14 (b60 mastery_bg_render: BitmapSingle->BitmapUIAware pane conversion, vetted GO wf_484fb6b8/wf_c7817c90)'): field::records\ingameui\player skills\mastery 6\skillpanereallocationbitmap.dbr::bitmapPositionX
  WAIVED drift (owner-approved 'Will-mandated mastery black-background render fix 2026-07-14 (b60 mastery_bg_render: BitmapSingle->BitmapUIAware pane conversion, vetted GO wf_484fb6b8/wf_c7817c90)'): field::records\ingameui\player skills\mastery 6\skillpanereallocationbitmap.dbr::bitmapPositionY
  WAIVED drift (owner-approved 'Will-mandated mastery black-background render fix 2026-07-14 (b60 mastery_bg_render: BitmapSingle->BitmapUIAware pane conversion, vetted GO wf_484fb6b8/wf_c7817c90)'): field::records\ingameui\player skills\mastery 6\skillpanereallocationbitmap.dbr::bitmapPositionsX
  WAIVED drift (owner-approved 'Will-mandated mastery black-background render fix 2026-07-14 (b60 mastery_bg_render: BitmapSingle->BitmapUIAware pane conversion, vetted GO wf_484fb6b8/wf_c7817c90)'): field::records\ingameui\player skills\mastery 6\skillpanereallocationbitmap.dbr::bitmapPositionsY
  WAIVED drift (owner-approved 'Will-mandated mastery black-background render fix 2026-07-14 (b60 mastery_bg_render: BitmapSingle->BitmapUIAware pane conversion, vetted GO wf_484fb6b8/wf_c7817c90)'): field::records\ingameui\player skills\mastery 6\skillpanereallocationbitmap.dbr::templateName
  WAIVED drift (owner-approved 'BL-AURA-RADIUS Will-mandated aura reach 2026-07-14 (b57): Art of the Hunt payload radius 15->36u party screen-scale so the aura reaches pets/MP allies; RADIUS FIELD ONLY, effects untouched'): field::records\skills\hunting\drxartofthehuntbuff.dbr::skillTargetRadius
  WAIVED drift (owner-approved 'BL-AURA-RADIUS Will-mandated aura reach 2026-07-14 (b57): Call of the Hunt payload radius 15->36u party screen-scale so the aura reaches pets/MP allies; RADIUS FIELD ONLY, effects untouched'): field::records\skills\hunting\drxcallofthehuntbuff.dbr::skillTargetRadius
  WAIVED drift (owner-approved 'Will-authorized H/O improvement wave 2026-07-12 (H4: mana ladder capping at 160 at ML40)'): field::records\skills\hunting\drxhuntingmastery.dbr::characterMana
  WAIVED drift (owner-approved 'Will-authorized H/O improvement wave 2026-07-12 (H1: strip copy-paste charm-resist penalty)'): field::records\skills\hunting\drxmonsterlure_rapidconstruction.dbr::defensiveConvert
  WAIVED drift (owner-approved 'Will-authorized H/O improvement wave 2026-07-12 (H2/H3: add missing description to the control spin)'): field::records\skills\hunting\drxspear_tempest.dbr::skillBaseDescription
  WAIVED drift (owner-approved 'Will-authorized H/O improvement wave 2026-07-12 (H2: circle-icon control spin renamed Tempest (was shared "Eviscerate"))'): field::records\skills\hunting\drxspear_tempest.dbr::skillDisplayName
  WAIVED drift (owner-approved 'Will-authorized H/O improvement wave 2026-07-12 (H2/H3: add missing description to the Eviscerate attack)'): field::records\skills\hunting\drxtakedown_eviscerate.dbr::skillBaseDescription
RESULT: PASS - Occult/Hunting golden state intact (84 waived, 0 other)
========================================================================
UNLOCK-ALIGNMENT GATE (b77)
  arz : work\SoulvizierClassic\Database\SoulvizierClassic.arz
  Read 10000/51151...
  Read 20000/51151...
  Read 30000/51151...
  Read 40000/51151...
  Read 50000/51151...
  Loaded: 51151 records, 143450 strings
  live buttons checked        : 238 (199 tiered, 39 positional-only)
  REQ-EXCEEDS-ROW waivers hit : 13 / 13 in manifest
RESULT: PASS - every live button's skillTier == drawn row and req <= threshold (waivers aside)
Done.
